scenario;zone_id;pixel_count;area_m2;area_ha;input_file;salinity_min;salinity_max;salinity_mean;salinity_median;depth_min;depth_max;depth_mean;depth_median;temperature_min;temperature_max;temperature_mean;temperature_median;sedimentation_min;sedimentation_max;sedimentation_mean;sedimentation_median
noCheck4factor;1;50;20000;2.0;factor_suitability_2025_Depth_10m_2025_highest.tif;33.114;33.114;33.114;33.114;6.573;7.811;7.08;6.965;28.978;28.978;28.978;28.978;6.419;6.419;6.419;6.419
noCheck4factor;2;71;28400;2.84;factor_suitability_2025_Depth_10m_2025_highest.tif;33.099;33.099;33.099;33.099;7.354;8.237;7.822;7.82;29.066;29.066;29.066;29.066;4.295;4.295;4.295;4.295
noCheck4factor;3;70;28000;2.8;factor_suitability_2025_Depth_10m_2025_highest.tif;33.114;33.114;33.114;33.114;6.412;8.145;7.218;7.253;28.978;28.978;28.978;28.978;6.419;6.419;6.419;6.419
noCheck4factor;4;69;27600;2.76;factor_suitability_2025_Depth_10m_2025_highest.tif;33.099;33.114;33.102;33.099;6.843;8.18;7.661;7.663;28.978;29.066;29.051;29.066;4.295;6.419;4.634;4.295
noCheck4factor;5;104;41600;4.16;factor_suitability_2025_Depth_10m_2025_highest.tif;33.099;33.099;33.099;33.099;7.283;8.191;7.774;7.783;29.066;29.066;29.066;29.066;4.295;4.295;4.295;4.295
noCheck4factor;6;80;32000;3.2;factor_suitability_2025_Depth_10m_2025_highest.tif;33.099;33.099;33.099;33.099;7.174;8.145;7.731;7.763;29.066;29.066;29.066;29.066;4.295;4.295;4.295;4.295
noCheck4factor;7;108;43200;4.32;factor_suitability_2025_Depth_10m_2025_highest.tif;33.113;33.113;33.113;33.113;6.974;7.941;7.54;7.551;29.096;29.096;29.096;29.096;6.522;6.522;6.522;6.522
noCheck4factor;8;771;308400;30.84;factor_suitability_2025_Depth_10m_2025_highest.tif;33.113;33.113;33.113;33.113;6.713;8.361;7.626;7.637;29.096;29.096;29.096;29.096;6.522;6.522;6.522;6.522
noCheck4factor;9;56;22400;2.24;factor_suitability_2025_Depth_10m_2025_highest.tif;33.113;33.113;33.113;33.113;7.369;8.336;7.756;7.734;29.096;29.096;29.096;29.096;6.522;6.522;6.522;6.522
noCheck4factor;10;277;110800;11.08;factor_suitability_2025_Depth_10m_2025_highest.tif;33.113;33.113;33.113;33.113;6.311;8.394;7.596;7.649;29.096;29.096;29.096;29.096;6.522;6.522;6.522;6.522
noCheck4factor;11;53;21200;2.12;factor_suitability_2025_Depth_10m_2025_highest.tif;33.113;33.113;33.113;33.113;7.168;8.219;7.666;7.68;29.096;29.096;29.096;29.096;6.522;6.522;6.522;6.522
noCheck4factor;12;138;55200;5.52;factor_suitability_2025_Depth_10m_2025_highest.tif;33.113;33.113;33.113;33.113;7.032;8.339;7.837;7.869;29.096;29.096;29.096;29.096;6.522;6.522;6.522;6.522
noCheck4factor;13;602;240800;24.08;factor_suitability_2025_Depth_10m_2025_highest.tif;33.113;33.113;33.113;33.113;5.541;8.688;7.441;7.522;29.096;29.096;29.096;29.096;6.522;6.522;6.522;6.522
noCheck4factor;14;1096;438400;43.84;factor_suitability_2025_Depth_10m_2025_highest.tif;33.113;33.113;33.113;33.113;6.865;8.598;7.692;7.659;29.096;29.096;29.096;29.096;4.261;6.522;6.452;6.522
noCheck4factor;15;1343;537200;53.72;factor_suitability_2025_Depth_10m_2025_highest.tif;33.113;33.113;33.113;33.113;5.239;8.416;7.34;7.51;29.096;29.096;29.096;29.096;4.261;6.522;6.448;6.522
noCheck4factor;16;118;47200;4.72;factor_suitability_2025_Depth_10m_2025_highest.tif;33.113;33.113;33.113;33.113;6.592;8.339;7.64;7.73;29.096;29.096;29.096;29.096;6.522;6.522;6.522;6.522
noCheck4factor;17;68;27200;2.72;factor_suitability_2025_Depth_10m_2025_highest.tif;33.113;33.113;33.113;33.113;7.486;8.309;7.73;7.712;29.096;29.096;29.096;29.096;4.261;4.261;4.261;4.261
noCheck4factor;18;50;20000;2.0;factor_suitability_2025_Depth_10m_2025_highest.tif;33.113;33.113;33.113;33.113;7.256;8.369;7.872;7.879;29.096;29.096;29.096;29.096;6.367;6.367;6.367;6.367
noCheck4factor;19;206;82400;8.24;factor_suitability_2025_Depth_10m_2025_highest.tif;33.113;33.113;33.113;33.113;7.126;8.174;7.799;7.827;29.096;29.096;29.096;29.096;4.261;4.261;4.261;4.261
noCheck4factor;20;70;28000;2.8;factor_suitability_2025_Depth_10m_2025_highest.tif;33.113;33.113;33.113;33.113;7.308;8.407;7.816;7.869;29.096;29.096;29.096;29.096;4.261;4.261;4.261;4.261
noCheck4factor;21;63;25200;2.52;factor_suitability_2025_Depth_10m_2025_highest.tif;33.113;33.113;33.113;33.113;7.027;8.251;7.794;7.783;29.096;29.096;29.096;29.096;6.367;6.367;6.367;6.367
noCheck4factor;22;64;25600;2.56;factor_suitability_2025_Depth_10m_2025_highest.tif;33.113;33.123;33.115;33.113;6.82;8.134;7.659;7.789;29.046;29.096;29.089;29.096;6.367;9.83;6.854;6.367
noCheck4factor;23;63;25200;2.52;factor_suitability_2025_Depth_10m_2025_highest.tif;33.123;33.123;33.123;33.123;6.332;8.092;7.505;7.546;29.046;29.046;29.046;29.046;9.83;9.83;9.83;9.83
noCheck4factor;24;59;23600;2.36;factor_suitability_2025_Depth_10m_2025_highest.tif;33.123;33.123;33.123;33.123;7.451;8.09;7.836;7.878;29.046;29.046;29.046;29.046;9.83;9.83;9.83;9.83
noCheck4factor;25;104;41600;4.16;factor_suitability_2025_Depth_10m_2025_highest.tif;33.113;33.113;33.113;33.113;7.0;8.399;7.751;7.767;29.096;29.096;29.096;29.096;4.284;4.284;4.284;4.284
noCheck4factor;26;64;25600;2.56;factor_suitability_2025_Depth_10m_2025_highest.tif;33.113;33.113;33.113;33.113;7.428;8.353;7.847;7.829;29.096;29.096;29.096;29.096;4.284;4.284;4.284;4.284
noCheck4factor;27;86;34400;3.44;factor_suitability_2025_Depth_10m_2025_highest.tif;33.113;33.113;33.113;33.113;7.376;8.31;7.825;7.812;29.096;29.096;29.096;29.096;4.284;4.284;4.284;4.284
noCheck4factor;28;58;23200;2.32;factor_suitability_2025_Depth_10m_2025_highest.tif;33.113;33.113;33.113;33.113;7.361;8.467;7.946;7.975;29.096;29.096;29.096;29.096;4.284;4.284;4.284;4.284
noCheck4factor;29;154;61600;6.16;factor_suitability_2025_Depth_10m_2025_highest.tif;33.113;33.113;33.113;33.113;7.169;8.395;7.796;7.821;29.096;29.096;29.096;29.096;4.284;4.284;4.284;4.284
noCheck4factor;30;56;22400;2.24;factor_suitability_2025_Depth_10m_2025_highest.tif;33.113;33.113;33.113;33.113;7.348;8.165;7.749;7.748;29.096;29.096;29.096;29.096;4.284;4.284;4.284;4.284
noCheck4factor;31;51;20400;2.04;factor_suitability_2025_Depth_10m_2025_highest.tif;33.104;33.104;33.104;33.104;5.716;7.362;6.944;6.985;29.077;29.077;29.077;29.077;9.106;9.106;9.106;9.106
noCheck4factor;32;64;25600;2.56;factor_suitability_2025_Depth_10m_2025_highest.tif;33.099;33.099;33.099;33.099;6.399;7.956;7.093;7.104;28.951;28.951;28.951;28.951;11.639;11.639;11.639;11.639
noCheck4factor;33;259;103600;10.36;factor_suitability_2025_Depth_10m_2025_highest.tif;33.099;33.099;33.099;33.099;5.154;7.903;6.749;6.874;28.951;28.951;28.951;28.951;11.639;11.639;11.639;11.639
noCheck4factor;34;58;23200;2.32;factor_suitability_2025_Depth_10m_2025_highest.tif;33.099;33.099;33.099;33.099;4.79;7.352;6.144;6.143;28.951;28.951;28.951;28.951;11.639;11.639;11.639;11.639
noCheck4factor;35;51;20400;2.04;factor_suitability_2025_Depth_10m_2025_highest.tif;33.099;33.099;33.099;33.099;4.576;7.111;5.79;5.842;28.951;28.951;28.951;28.951;11.639;11.639;11.639;11.639
noCheck4factor;36;208;83200;8.32;factor_suitability_2025_Depth_10m_2025_highest.tif;33.099;33.099;33.099;33.099;4.892;8.263;6.341;6.308;28.951;28.951;28.951;28.951;16.128;16.128;16.128;16.128
noCheck4factor;37;52;20800;2.08;factor_suitability_2025_Depth_10m_2025_highest.tif;33.099;33.099;33.099;33.099;4.503;6.167;5.231;5.148;28.951;28.951;28.951;28.951;11.639;11.639;11.639;11.639
noCheck4factor;38;84;33600;3.36;factor_suitability_2025_Depth_10m_2025_highest.tif;33.099;33.099;33.099;33.099;4.832;7.046;5.895;5.823;28.951;28.951;28.951;28.951;11.639;11.639;11.639;11.639
noCheck4factor;39;101;40400;4.04;factor_suitability_2025_Depth_10m_2025_highest.tif;33.099;33.099;33.099;33.099;3.857;6.44;4.812;4.66;28.951;28.951;28.951;28.951;16.128;16.128;16.128;16.128
noCheck4factor;40;71;28400;2.84;factor_suitability_2025_Depth_10m_2025_highest.tif;33.099;33.099;33.099;33.099;4.36;7.781;5.51;5.33;28.951;28.951;28.951;28.951;16.128;16.128;16.128;16.128
noCheck4factor;41;80;32000;3.2;factor_suitability_2025_Depth_10m_2025_highest.tif;33.055;33.055;33.055;33.055;5.911;8.523;6.849;6.713;28.874;28.874;28.874;28.874;15.064;15.064;15.064;15.064
noCheck4factor;42;187;74800;7.48;factor_suitability_2025_Depth_10m_2025_highest.tif;33.055;33.055;33.055;33.055;5.415;8.219;6.888;6.959;28.874;28.874;28.874;28.874;15.064;15.064;15.064;15.064
noCheck4factor;43;52;20800;2.08;factor_suitability_2025_Depth_10m_2025_highest.tif;33.055;33.055;33.055;33.055;5.384;8.271;6.969;6.9;28.874;28.874;28.874;28.874;17.097;17.097;17.097;17.097
noCheck4factor;44;50;20000;2.0;factor_suitability_2025_Depth_10m_2025_highest.tif;33.007;33.007;33.007;33.007;7.225;8.87;7.772;7.77;28.916;28.916;28.916;28.916;5.764;5.764;5.764;5.764
noCheck4factor;45;65;26000;2.6;factor_suitability_2025_Depth_10m_2025_highest.tif;32.96;32.96;32.96;32.96;6.316;8.192;7.258;7.354;28.947;28.947;28.947;28.947;9.79;9.79;9.79;9.79
noCheck4factor;46;326;130400;13.04;factor_suitability_2025_Depth_10m_2025_highest.tif;32.96;32.96;32.96;32.96;5.845;8.626;6.898;6.819;28.947;28.947;28.947;28.947;7.836;7.836;7.836;7.836
noCheck4factor;47;126;50400;5.04;factor_suitability_2025_Depth_10m_2025_highest.tif;32.96;32.96;32.96;32.96;7.237;8.272;7.766;7.749;28.947;28.947;28.947;28.947;9.79;9.79;9.79;9.79
noCheck4factor;48;121;48400;4.84;factor_suitability_2025_Depth_10m_2025_highest.tif;32.96;32.96;32.96;32.96;5.713;8.343;6.829;6.711;28.947;28.947;28.947;28.947;7.836;7.836;7.836;7.836
noCheck4factor;49;186;74400;7.44;factor_suitability_2025_Depth_10m_2025_highest.tif;32.96;32.96;32.96;32.96;6.057;8.612;7.249;7.276;28.947;28.947;28.947;28.947;7.836;7.836;7.836;7.836
noCheck4factor;50;55;22000;2.2;factor_suitability_2025_Depth_10m_2025_highest.tif;32.96;32.96;32.96;32.96;6.272;8.364;7.287;7.174;28.947;28.947;28.947;28.947;7.836;7.836;7.836;7.836
noCheck4factor;51;56;22400;2.24;factor_suitability_2025_Depth_10m_2025_highest.tif;32.96;32.96;32.96;32.96;5.59;7.498;6.746;6.757;28.947;28.947;28.947;28.947;7.836;7.836;7.836;7.836
noCheck4factor;52;202;80800;8.08;factor_suitability_2025_Depth_10m_2025_highest.tif;32.96;32.96;32.96;32.96;5.689;8.541;7.228;7.285;28.947;28.947;28.947;28.947;7.836;7.836;7.836;7.836
noCheck4factor;53;62;24800;2.48;factor_suitability_2025_Depth_10m_2025_highest.tif;32.949;32.949;32.949;32.949;6.901;8.114;7.662;7.701;28.837;28.837;28.837;28.837;15.662;15.662;15.662;15.662
noCheck4factor;54;135;54000;5.4;factor_suitability_2025_Depth_10m_2025_highest.tif;32.89;32.89;32.89;32.89;6.395;8.153;7.124;6.985;29.093;29.093;29.093;29.093;7.435;7.435;7.435;7.435
noCheck4factor;55;80;32000;3.2;factor_suitability_2025_Depth_10m_2025_highest.tif;32.868;32.868;32.868;32.868;5.743;6.854;6.225;6.181;29.014;29.014;29.014;29.014;8.312;8.312;8.312;8.312
noCheck4factor;56;327;130800;13.08;factor_suitability_2025_Depth_10m_2025_highest.tif;32.868;32.868;32.868;32.868;4.294;8.214;6.736;6.625;29.014;29.014;29.014;29.014;11.768;11.768;11.768;11.768
noCheck4factor;57;105;42000;4.2;factor_suitability_2025_Depth_10m_2025_highest.tif;32.868;32.868;32.868;32.868;5.225;7.259;6.12;6.089;29.014;29.014;29.014;29.014;6.666;6.666;6.666;6.666
noCheck4factor;58;53;21200;2.12;factor_suitability_2025_Depth_10m_2025_highest.tif;32.868;32.868;32.868;32.868;5.785;8.082;6.76;6.802;29.014;29.014;29.014;29.014;6.666;10.787;9.465;10.787
noCheck4factor;59;109;43600;4.36;factor_suitability_2025_Depth_10m_2025_highest.tif;32.868;32.868;32.868;32.868;5.125;7.15;5.976;5.91;29.014;29.014;29.014;29.014;6.666;6.666;6.666;6.666
noCheck4factor;60;536;214400;21.44;factor_suitability_2025_Depth_10m_2025_highest.tif;32.868;32.868;32.868;32.868;5.069;7.682;6.396;6.302;29.014;29.014;29.014;29.014;6.666;10.787;8.18;6.666
noCheck4factor;61;75;30000;3.0;factor_suitability_2025_Depth_10m_2025_highest.tif;32.868;32.868;32.868;32.868;5.158;7.053;5.997;5.957;29.014;29.014;29.014;29.014;10.787;10.787;10.787;10.787
noCheck4factor;62;2338;935200;93.52;factor_suitability_2025_Depth_10m_2025_highest.tif;32.866;32.868;32.867;32.866;5.192;8.006;6.586;6.517;29.014;29.073;29.051;29.073;6.051;6.666;6.281;6.051
noCheck4factor;63;74;29600;2.96;factor_suitability_2025_Depth_10m_2025_highest.tif;32.868;32.868;32.868;32.868;5.122;6.482;5.537;5.49;29.014;29.014;29.014;29.014;10.787;10.787;10.787;10.787
noCheck4factor;64;103;41200;4.12;factor_suitability_2025_Depth_10m_2025_highest.tif;32.868;32.868;32.868;32.868;5.122;6.757;5.912;5.924;29.014;29.014;29.014;29.014;6.666;6.666;6.666;6.666
noCheck4factor;65;53;21200;2.12;factor_suitability_2025_Depth_10m_2025_highest.tif;32.868;32.868;32.868;32.868;5.189;5.989;5.456;5.447;29.014;29.014;29.014;29.014;10.787;10.787;10.787;10.787
noCheck4factor;66;347563;139025200;13902.52;factor_suitability_2025_Depth_10m_2025_highest.tif;32.86;32.874;32.866;32.866;4.405;9.237;7.392;7.43;28.936;29.149;29.082;29.073;2.743;13.455;4.847;4.46
noCheck4factor;67;614;245600;24.56;factor_suitability_2025_Depth_10m_2025_highest.tif;32.866;32.866;32.866;32.866;5.059;7.931;6.417;6.483;29.073;29.073;29.073;29.073;6.051;6.051;6.051;6.051
noCheck4factor;68;130;52000;5.2;factor_suitability_2025_Depth_10m_2025_highest.tif;32.866;32.866;32.866;32.866;4.384;7.863;5.918;5.916;29.073;29.073;29.073;29.073;8.117;8.117;8.117;8.117
noCheck4factor;69;57;22800;2.28;factor_suitability_2025_Depth_10m_2025_highest.tif;32.866;32.866;32.866;32.866;5.012;6.316;5.729;5.68;29.073;29.073;29.073;29.073;13.171;13.171;13.171;13.171
noCheck4factor;70;105;42000;4.2;factor_suitability_2025_Depth_10m_2025_highest.tif;32.866;32.866;32.866;32.866;5.32;6.929;6.159;6.192;29.073;29.073;29.073;29.073;6.051;6.051;6.051;6.051
noCheck4factor;71;96;38400;3.84;factor_suitability_2025_Depth_10m_2025_highest.tif;32.866;32.866;32.866;32.866;5.38;7.027;6.263;6.286;29.073;29.073;29.073;29.073;6.051;6.051;6.051;6.051
noCheck4factor;72;57;22800;2.28;factor_suitability_2025_Depth_10m_2025_highest.tif;32.866;32.866;32.866;32.866;5.465;7.418;6.45;6.396;29.073;29.073;29.073;29.073;6.051;6.051;6.051;6.051
noCheck4factor;73;102;40800;4.08;factor_suitability_2025_Depth_10m_2025_highest.tif;32.866;32.866;32.866;32.866;5.795;7.509;6.629;6.591;29.073;29.073;29.073;29.073;6.051;6.051;6.051;6.051
noCheck4factor;74;74;29600;2.96;factor_suitability_2025_Depth_10m_2025_highest.tif;32.866;32.866;32.866;32.866;5.988;7.749;6.887;6.943;29.073;29.073;29.073;29.073;6.051;6.051;6.051;6.051
noCheck4factor;75;57;22800;2.28;factor_suitability_2025_Depth_10m_2025_highest.tif;32.866;32.866;32.866;32.866;5.091;7.002;6.04;6.148;29.073;29.073;29.073;29.073;6.051;6.051;6.051;6.051
noCheck4factor;76;100;40000;4.0;factor_suitability_2025_Depth_10m_2025_highest.tif;32.866;32.866;32.866;32.866;5.232;6.971;6.106;6.124;29.073;29.073;29.073;29.073;8.117;8.117;8.117;8.117
noCheck4factor;77;80;32000;3.2;factor_suitability_2025_Depth_10m_2025_highest.tif;32.866;32.866;32.866;32.866;6.104;7.136;6.568;6.549;29.073;29.073;29.073;29.073;6.051;8.117;6.438;6.051
noCheck4factor;78;309;123600;12.36;factor_suitability_2025_Depth_10m_2025_highest.tif;32.866;32.866;32.866;32.866;5.058;7.943;6.291;6.328;29.073;29.073;29.073;29.073;8.117;8.117;8.117;8.117
noCheck4factor;79;69;27600;2.76;factor_suitability_2025_Depth_10m_2025_highest.tif;32.866;32.866;32.866;32.866;6.043;7.594;6.708;6.666;29.073;29.073;29.073;29.073;6.051;6.051;6.051;6.051
noCheck4factor;80;598;239200;23.92;factor_suitability_2025_Depth_10m_2025_highest.tif;32.866;32.866;32.866;32.866;4.954;7.064;5.978;5.99;29.073;29.073;29.073;29.073;6.051;6.051;6.051;6.051
noCheck4factor;81;54;21600;2.16;factor_suitability_2025_Depth_10m_2025_highest.tif;32.866;32.866;32.866;32.866;6.019;7.285;6.66;6.614;29.073;29.073;29.073;29.073;6.051;6.051;6.051;6.051
noCheck4factor;82;63;25200;2.52;factor_suitability_2025_Depth_10m_2025_highest.tif;32.866;32.866;32.866;32.866;5.014;6.464;5.773;5.717;29.073;29.073;29.073;29.073;13.171;13.171;13.171;13.171
noCheck4factor;83;91;36400;3.64;factor_suitability_2025_Depth_10m_2025_highest.tif;32.866;32.866;32.866;32.866;4.921;7.556;6.279;6.338;29.073;29.073;29.073;29.073;8.117;8.117;8.117;8.117
noCheck4factor;84;367;146800;14.68;factor_suitability_2025_Depth_10m_2025_highest.tif;32.866;32.866;32.866;32.866;5.088;7.769;6.369;6.38;29.073;29.073;29.073;29.073;8.117;8.117;8.117;8.117
noCheck4factor;85;95;38000;3.8;factor_suitability_2025_Depth_10m_2025_highest.tif;32.866;32.866;32.866;32.866;5.038;6.937;6.044;6.078;29.073;29.073;29.073;29.073;6.051;6.051;6.051;6.051
noCheck4factor;86;332;132800;13.28;factor_suitability_2025_Depth_10m_2025_highest.tif;32.866;32.866;32.866;32.866;5.042;6.754;5.897;5.951;29.073;29.073;29.073;29.073;8.117;8.117;8.117;8.117
noCheck4factor;87;100;40000;4.0;factor_suitability_2025_Depth_10m_2025_highest.tif;32.866;32.866;32.866;32.866;5.418;7.228;5.984;5.907;29.073;29.073;29.073;29.073;8.117;8.117;8.117;8.117
noCheck4factor;88;53;21200;2.12;factor_suitability_2025_Depth_10m_2025_highest.tif;32.866;32.866;32.866;32.866;5.855;8.023;6.946;7.125;29.073;29.073;29.073;29.073;8.214;8.214;8.214;8.214
noCheck4factor;89;484;193600;19.36;factor_suitability_2025_Depth_10m_2025_highest.tif;32.866;32.866;32.866;32.866;5.436;8.36;6.609;6.489;29.073;29.073;29.073;29.073;8.214;8.214;8.214;8.214
noCheck4factor;90;116;46400;4.64;factor_suitability_2025_Depth_10m_2025_highest.tif;32.866;32.866;32.866;32.866;5.513;8.469;6.846;6.81;29.073;29.073;29.073;29.073;8.214;8.214;8.214;8.214
noCheck4factor;91;216;86400;8.64;factor_suitability_2025_Depth_10m_2025_highest.tif;32.866;32.866;32.866;32.866;6.178;7.879;6.85;6.776;29.073;29.073;29.073;29.073;8.214;8.214;8.214;8.214
noCheck4factor;92;74;29600;2.96;factor_suitability_2025_Depth_10m_2025_highest.tif;32.866;32.866;32.866;32.866;6.212;7.627;7.219;7.234;29.073;29.073;29.073;29.073;8.214;8.214;8.214;8.214
noCheck4factor;93;399;159600;15.96;factor_suitability_2025_Depth_10m_2025_highest.tif;32.874;32.874;32.874;32.874;6.123;7.198;6.605;6.596;28.936;28.936;28.936;28.936;13.455;13.455;13.455;13.455
noCheck4factor;94;77;30800;3.08;factor_suitability_2025_Depth_10m_2025_highest.tif;32.874;32.874;32.874;32.874;5.131;6.996;6.268;6.452;28.936;28.936;28.936;28.936;7.981;7.981;7.981;7.981
noCheck4factor;95;111;44400;4.44;factor_suitability_2025_Depth_10m_2025_highest.tif;32.874;32.874;32.874;32.874;5.652;8.07;7.003;7.094;28.936;28.936;28.936;28.936;7.981;7.981;7.981;7.981
noCheck4factor;96;292;116800;11.68;factor_suitability_2025_Depth_10m_2025_highest.tif;32.866;32.866;32.866;32.866;6.804;8.603;7.678;7.687;29.073;29.073;29.073;29.073;5.919;5.919;5.919;5.919
noCheck4factor;97;909;363600;36.36;factor_suitability_2025_Depth_10m_2025_highest.tif;32.874;32.874;32.874;32.874;4.776;8.392;6.223;6.184;28.936;28.936;28.936;28.936;7.981;12.332;11.236;12.332
noCheck4factor;98;137;54800;5.48;factor_suitability_2025_Depth_10m_2025_highest.tif;32.866;32.866;32.866;32.866;7.162;8.614;7.862;7.906;29.073;29.073;29.073;29.073;5.919;5.919;5.919;5.919
noCheck4factor;99;74;29600;2.96;factor_suitability_2025_Depth_10m_2025_highest.tif;32.874;32.874;32.874;32.874;6.346;7.838;7.02;7.04;28.936;28.936;28.936;28.936;12.332;12.332;12.332;12.332
noCheck4factor;100;59;23600;2.36;factor_suitability_2025_Depth_10m_2025_highest.tif;32.874;32.874;32.874;32.874;6.606;7.818;7.239;7.243;28.936;28.936;28.936;28.936;7.981;7.981;7.981;7.981
noCheck4factor;101;326;130400;13.04;factor_suitability_2025_Depth_10m_2025_highest.tif;32.874;32.874;32.874;32.874;5.975;8.388;7.21;7.303;28.936;28.936;28.936;28.936;7.981;7.981;7.981;7.981
noCheck4factor;102;1004;401600;40.16;factor_suitability_2025_Depth_10m_2025_highest.tif;32.874;32.874;32.874;32.874;5.949;8.636;7.3;7.293;28.936;28.936;28.936;28.936;7.981;12.332;8.562;7.981
noCheck4factor;103;100;40000;4.0;factor_suitability_2025_Depth_10m_2025_highest.tif;32.874;32.874;32.874;32.874;6.754;8.223;7.652;7.811;28.936;28.936;28.936;28.936;7.981;7.981;7.981;7.981
noCheck4factor;104;34815;13926000;1392.6;factor_suitability_2025_Depth_10m_2025_highest.tif;32.874;32.876;32.876;32.876;4.675;9.276;7.424;7.408;28.936;29.015;29.01;29.015;5.805;12.332;7.717;7.503
noCheck4factor;105;70;28000;2.8;factor_suitability_2025_Depth_10m_2025_highest.tif;32.876;32.876;32.876;32.876;6.773;8.07;7.262;7.237;29.015;29.015;29.015;29.015;7.503;7.503;7.503;7.503
noCheck4factor;106;590;236000;23.6;factor_suitability_2025_Depth_10m_2025_highest.tif;32.876;32.876;32.876;32.876;5.098;8.48;7.125;7.184;29.015;29.015;29.015;29.015;7.503;10.973;9.767;10.973
noCheck4factor;107;1973;789200;78.92;factor_suitability_2025_Depth_10m_2025_highest.tif;32.876;32.876;32.876;32.876;6.245;8.398;7.294;7.267;29.015;29.015;29.015;29.015;7.503;10.973;10.347;10.973
noCheck4factor;108;122;48800;4.88;factor_suitability_2025_Depth_10m_2025_highest.tif;32.876;32.876;32.876;32.876;6.3;7.987;7.302;7.309;29.015;29.015;29.015;29.015;7.503;7.503;7.503;7.503
noCheck4factor;109;263;105200;10.52;factor_suitability_2025_Depth_10m_2025_highest.tif;32.876;32.876;32.876;32.876;6.408;8.018;7.209;7.166;29.015;29.015;29.015;29.015;10.973;10.973;10.973;10.973
noCheck4factor;110;53;21200;2.12;factor_suitability_2025_Depth_10m_2025_highest.tif;32.876;32.876;32.876;32.876;6.569;7.861;7.368;7.413;29.015;29.015;29.015;29.015;10.973;10.973;10.973;10.973
noCheck4factor;111;64;25600;2.56;factor_suitability_2025_Depth_10m_2025_highest.tif;32.876;32.876;32.876;32.876;6.771;7.823;7.35;7.392;29.015;29.015;29.015;29.015;10.973;10.973;10.973;10.973
noCheck4factor;112;2205;882000;88.2;factor_suitability_2025_Depth_10m_2025_highest.tif;32.876;32.876;32.876;32.876;6.127;8.73;7.246;7.201;29.015;29.015;29.015;29.015;6.863;7.503;6.942;6.863
noCheck4factor;113;239;95600;9.56;factor_suitability_2025_Depth_10m_2025_highest.tif;32.876;32.876;32.876;32.876;6.343;7.816;6.925;6.876;29.015;29.015;29.015;29.015;8.86;10.973;9.62;8.86
noCheck4factor;114;58;23200;2.32;factor_suitability_2025_Depth_10m_2025_highest.tif;32.876;32.876;32.876;32.876;7.462;8.47;7.908;7.876;29.015;29.015;29.015;29.015;6.863;7.503;7.359;7.503
noCheck4factor;115;182;72800;7.28;factor_suitability_2025_Depth_10m_2025_highest.tif;32.876;32.876;32.876;32.876;6.009;7.775;6.754;6.735;29.015;29.015;29.015;29.015;8.86;10.973;9.998;10.973
noCheck4factor;116;144;57600;5.76;factor_suitability_2025_Depth_10m_2025_highest.tif;32.876;32.876;32.876;32.876;6.087;8.012;7.232;7.33;29.015;29.015;29.015;29.015;8.86;8.86;8.86;8.86
noCheck4factor;117;68;27200;2.72;factor_suitability_2025_Depth_10m_2025_highest.tif;32.876;32.876;32.876;32.876;6.403;7.924;7.049;7.004;29.015;29.015;29.015;29.015;8.86;8.86;8.86;8.86
noCheck4factor;118;162;64800;6.48;factor_suitability_2025_Depth_10m_2025_highest.tif;32.876;32.876;32.876;32.876;6.306;8.004;7.414;7.442;29.015;29.015;29.015;29.015;6.863;8.86;8.762;8.86
noCheck4factor;119;95;38000;3.8;factor_suitability_2025_Depth_10m_2025_highest.tif;32.876;32.876;32.876;32.876;6.014;8.152;7.174;7.114;29.015;29.015;29.015;29.015;8.86;8.86;8.86;8.86
noCheck4factor;120;52;20800;2.08;factor_suitability_2025_Depth_10m_2025_highest.tif;32.876;32.876;32.876;32.876;6.234;7.99;7.13;7.169;29.015;29.015;29.015;29.015;8.86;8.86;8.86;8.86
noCheck4factor;121;76;30400;3.04;factor_suitability_2025_Depth_10m_2025_highest.tif;32.876;32.876;32.876;32.876;6.862;8.538;7.659;7.714;29.015;29.015;29.015;29.015;6.863;6.863;6.863;6.863
noCheck4factor;122;121;48400;4.84;factor_suitability_2025_Depth_10m_2025_highest.tif;32.876;32.876;32.876;32.876;6.644;8.147;7.487;7.513;29.015;29.015;29.015;29.015;8.86;8.86;8.86;8.86
noCheck4factor;123;50;20000;2.0;factor_suitability_2025_Depth_10m_2025_highest.tif;32.876;32.876;32.876;32.876;6.884;8.621;7.485;7.469;29.015;29.015;29.015;29.015;8.86;8.86;8.86;8.86
noCheck4factor;124;209;83600;8.36;factor_suitability_2025_Depth_10m_2025_highest.tif;32.876;32.876;32.876;32.876;5.774;7.77;6.672;6.607;29.015;29.015;29.015;29.015;8.86;8.86;8.86;8.86
noCheck4factor;125;686;274400;27.44;factor_suitability_2025_Depth_10m_2025_highest.tif;32.876;32.876;32.876;32.876;6.387;8.358;7.406;7.385;29.015;29.015;29.015;29.015;8.86;8.86;8.86;8.86
noCheck4factor;126;72;28800;2.88;factor_suitability_2025_Depth_10m_2025_highest.tif;32.876;32.876;32.876;32.876;6.813;7.982;7.385;7.32;29.015;29.015;29.015;29.015;6.863;6.863;6.863;6.863
noCheck4factor;127;102;40800;4.08;factor_suitability_2025_Depth_10m_2025_highest.tif;32.876;32.876;32.876;32.876;6.024;7.705;6.896;6.916;29.015;29.015;29.015;29.015;8.86;8.86;8.86;8.86
noCheck4factor;128;136;54400;5.44;factor_suitability_2025_Depth_10m_2025_highest.tif;32.876;32.876;32.876;32.876;5.419;7.336;6.508;6.59;29.015;29.015;29.015;29.015;8.86;8.86;8.86;8.86
noCheck4factor;129;114;45600;4.56;factor_suitability_2025_Depth_10m_2025_highest.tif;32.876;32.876;32.876;32.876;6.246;7.901;7.297;7.292;29.015;29.015;29.015;29.015;6.863;6.863;6.863;6.863
noCheck4factor;130;470;188000;18.8;factor_suitability_2025_Depth_10m_2025_highest.tif;32.876;32.876;32.876;32.876;5.921;7.894;6.936;6.968;29.015;29.015;29.015;29.015;8.86;8.86;8.86;8.86
noCheck4factor;131;68;27200;2.72;factor_suitability_2025_Depth_10m_2025_highest.tif;32.894;32.894;32.894;32.894;6.411;7.991;7.323;7.355;28.846;28.846;28.846;28.846;12.769;12.769;12.769;12.769
noCheck4factor;132;285;114000;11.4;factor_suitability_2025_Depth_10m_2025_highest.tif;32.876;32.876;32.876;32.876;6.561;8.605;7.382;7.367;29.015;29.015;29.015;29.015;6.863;6.863;6.863;6.863
noCheck4factor;133;88;35200;3.52;factor_suitability_2025_Depth_10m_2025_highest.tif;32.894;32.894;32.894;32.894;6.649;8.187;7.376;7.389;28.846;28.846;28.846;28.846;12.769;12.769;12.769;12.769
noCheck4factor;134;115;46000;4.6;factor_suitability_2025_Depth_10m_2025_highest.tif;32.876;32.876;32.876;32.876;5.352;8.544;7.267;7.311;29.015;29.015;29.015;29.015;8.86;8.86;8.86;8.86
noCheck4factor;135;106;42400;4.24;factor_suitability_2025_Depth_10m_2025_highest.tif;32.876;32.876;32.876;32.876;6.84;7.947;7.482;7.468;29.015;29.015;29.015;29.015;8.86;8.86;8.86;8.86
noCheck4factor;136;70;28000;2.8;factor_suitability_2025_Depth_10m_2025_highest.tif;32.894;32.894;32.894;32.894;4.863;6.094;5.552;5.528;28.846;28.846;28.846;28.846;12.769;12.769;12.769;12.769
noCheck4factor;137;132;52800;5.28;factor_suitability_2025_Depth_10m_2025_highest.tif;32.876;32.876;32.876;32.876;5.732;8.288;7.232;7.274;29.015;29.015;29.015;29.015;8.86;8.86;8.86;8.86
noCheck4factor;138;76;30400;3.04;factor_suitability_2025_Depth_10m_2025_highest.tif;32.876;32.876;32.876;32.876;7.032;8.714;7.672;7.709;29.015;29.015;29.015;29.015;8.86;8.86;8.86;8.86
