zone_id,pixel_count,area_m2,area_ha,salinity_min,salinity_max,salinity_mean,salinity_median,depth_min,depth_max,depth_mean,depth_median,temperature_min,temperature_max,temperature_mean,temperature_median,sedimentation_min,sedimentation_max,sedimentation_mean,sedimentation_median
1,83,33200,3.32,33.099,33.099,33.099,33.099,7.4,7.997,7.754,7.769,29.066,29.066,29.066,29.066,4.725,4.725,4.725,4.725
2,95,38000,3.8,33.099,33.099,33.099,33.099,6.919,7.996,7.546,7.576,29.066,29.066,29.066,29.066,6.706,6.706,6.706,6.706
3,59,23600,2.36,33.114,33.114,33.114,33.114,7.133,8.0,7.654,7.671,28.978,28.978,28.978,28.978,10.766,10.766,10.766,10.766
4,59,23600,2.36,33.114,33.114,33.114,33.114,7.269,7.959,7.63,7.608,28.978,28.978,28.978,28.978,10.766,10.766,10.766,10.766
5,94,37600,3.76,33.127,33.127,33.127,33.127,6.244,7.961,7.355,7.391,28.861,28.861,28.861,28.861,19.635,19.635,19.635,19.635
6,65,26000,2.6,33.125,33.125,33.125,33.125,6.891,7.967,7.43,7.433,28.956,28.956,28.956,28.956,19.696,19.696,19.696,19.696
7,317,126800,12.68,33.125,33.125,33.125,33.125,5.77,7.996,7.03,7.042,28.956,28.956,28.956,28.956,19.696,19.696,19.696,19.696
8,75,30000,3.0,33.125,33.125,33.125,33.125,5.898,7.99,7.183,7.232,28.956,28.956,28.956,28.956,19.696,19.696,19.696,19.696
9,19544,7817600,781.76,33.099,33.099,33.099,33.099,4.004,8.0,6.722,6.803,28.951,28.951,28.951,28.951,13.535,19.773,19.61,19.773
10,109,43600,4.36,33.099,33.099,33.099,33.099,6.498,7.986,7.547,7.641,28.951,28.951,28.951,28.951,13.535,13.535,13.535,13.535
11,1436,574400,57.44,33.099,33.099,33.099,33.099,5.141,8.0,7.207,7.411,28.951,28.951,28.951,28.951,13.535,13.535,13.535,13.535
12,185,74000,7.4,33.099,33.099,33.099,33.099,5.535,7.993,7.153,7.155,28.951,28.951,28.951,28.951,13.535,13.535,13.535,13.535
13,136,54400,5.44,33.099,33.099,33.099,33.099,5.817,7.999,7.489,7.543,28.951,28.951,28.951,28.951,13.535,13.535,13.535,13.535
14,125,50000,5.0,33.099,33.099,33.099,33.099,5.868,7.981,7.172,7.169,28.951,28.951,28.951,28.951,19.773,19.773,19.773,19.773
15,205,82000,8.2,33.099,33.099,33.099,33.099,6.87,7.994,7.475,7.481,28.951,28.951,28.951,28.951,13.535,13.535,13.535,13.535
16,155,62000,6.2,33.099,33.099,33.099,33.099,6.092,8.0,7.548,7.638,28.951,28.951,28.951,28.951,19.773,19.773,19.773,19.773
17,239,95600,9.56,33.099,33.099,33.099,33.099,5.648,7.997,7.292,7.49,28.951,28.951,28.951,28.951,19.773,19.773,19.773,19.773
18,105,42000,4.2,33.099,33.099,33.099,33.099,5.565,7.971,7.218,7.474,28.951,28.951,28.951,28.951,19.773,19.773,19.773,19.773
19,88,35200,3.52,33.099,33.099,33.099,33.099,5.337,7.912,6.694,6.574,28.951,28.951,28.951,28.951,19.773,19.773,19.773,19.773
20,111,44400,4.44,33.099,33.099,33.099,33.099,5.536,7.999,7.331,7.523,28.951,28.951,28.951,28.951,19.773,19.773,19.773,19.773
21,418,167200,16.72,33.099,33.099,33.099,33.099,5.159,7.975,6.814,6.952,28.951,28.951,28.951,28.951,19.773,19.773,19.773,19.773
22,90,36000,3.6,33.099,33.099,33.099,33.099,6.072,7.999,7.447,7.583,28.951,28.951,28.951,28.951,19.773,19.773,19.773,19.773
23,317,126800,12.68,33.099,33.099,33.099,33.099,5.44,7.999,7.044,7.101,28.951,28.951,28.951,28.951,11.639,19.773,19.389,19.773
24,273,109200,10.92,33.099,33.099,33.099,33.099,4.967,7.985,7.03,7.289,28.951,28.951,28.951,28.951,19.773,19.773,19.773,19.773
25,243,97200,9.72,33.099,33.099,33.099,33.099,5.329,7.974,6.936,6.961,28.951,28.951,28.951,28.951,11.639,19.773,17.163,19.773
26,55,22000,2.2,33.08,33.08,33.08,33.08,4.893,7.898,6.845,6.988,28.755,28.755,28.755,28.755,19.892,19.892,19.892,19.892
27,179,71600,7.16,33.08,33.08,33.08,33.08,5.647,8.0,7.266,7.39,28.755,28.755,28.755,28.755,19.892,19.892,19.892,19.892
28,77,30800,3.08,33.099,33.099,33.099,33.099,5.674,7.945,6.969,6.993,28.951,28.951,28.951,28.951,11.639,11.639,11.639,11.639
29,119,47600,4.76,33.08,33.08,33.08,33.08,6.324,7.985,7.386,7.419,28.755,28.755,28.755,28.755,19.892,19.892,19.892,19.892
30,86,34400,3.44,33.099,33.099,33.099,33.099,5.802,7.965,7.024,6.998,28.951,28.951,28.951,28.951,11.639,11.639,11.639,11.639
31,145,58000,5.8,33.099,33.099,33.099,33.099,5.42,7.994,6.939,7.047,28.951,28.951,28.951,28.951,11.639,11.639,11.639,11.639
32,333,133200,13.32,33.08,33.08,33.08,33.08,5.271,7.998,7.232,7.366,28.755,28.755,28.755,28.755,19.892,19.892,19.892,19.892
33,54,21600,2.16,33.099,33.099,33.099,33.099,6.2,7.98,7.307,7.457,28.951,28.951,28.951,28.951,11.639,11.639,11.639,11.639
34,71,28400,2.84,33.08,33.08,33.08,33.08,5.661,7.997,7.374,7.503,28.755,28.755,28.755,28.755,19.892,19.892,19.892,19.892
35,708,283200,28.32,33.099,33.099,33.099,33.099,5.305,7.999,7.109,7.353,28.951,28.951,28.951,28.951,11.639,11.639,11.639,11.639
36,66,26400,2.64,33.08,33.08,33.08,33.08,5.607,7.992,7.302,7.409,28.755,28.755,28.755,28.755,19.892,19.892,19.892,19.892
37,50,20000,2.0,33.08,33.08,33.08,33.08,7.108,7.983,7.586,7.577,28.755,28.755,28.755,28.755,19.892,19.892,19.892,19.892
38,68,27200,2.72,33.099,33.099,33.099,33.099,6.283,7.952,7.555,7.665,28.951,28.951,28.951,28.951,11.639,11.639,11.639,11.639
39,54,21600,2.16,33.099,33.099,33.099,33.099,5.956,7.963,7.373,7.508,28.951,28.951,28.951,28.951,11.639,11.639,11.639,11.639
40,359,143600,14.36,33.08,33.08,33.08,33.08,6.14,7.998,7.398,7.44,28.755,28.755,28.755,28.755,19.892,19.892,19.892,19.892
41,122,48800,4.88,33.099,33.099,33.099,33.099,5.651,7.98,7.376,7.486,28.951,28.951,28.951,28.951,11.639,11.639,11.639,11.639
42,125,50000,5.0,33.099,33.099,33.099,33.099,5.594,7.988,7.255,7.539,28.951,28.951,28.951,28.951,11.639,11.639,11.639,11.639
43,132,52800,5.28,33.099,33.099,33.099,33.099,5.326,7.932,6.947,7.251,28.951,28.951,28.951,28.951,11.639,11.639,11.639,11.639
44,72,28800,2.88,33.099,33.099,33.099,33.099,5.625,7.994,6.933,7.087,28.951,28.951,28.951,28.951,16.128,16.128,16.128,16.128
45,74,29600,2.96,33.099,33.099,33.099,33.099,5.215,7.969,6.484,6.291,28.951,28.951,28.951,28.951,16.128,16.128,16.128,16.128
46,58,23200,2.32,33.099,33.099,33.099,33.099,6.578,7.96,7.436,7.495,28.951,28.951,28.951,28.951,16.128,16.128,16.128,16.128
47,91,36400,3.64,33.099,33.099,33.099,33.099,6.709,7.989,7.524,7.537,28.951,28.951,28.951,28.951,16.128,16.128,16.128,16.128
48,91,36400,3.64,33.099,33.099,33.099,33.099,6.313,8.0,7.611,7.68,28.951,28.951,28.951,28.951,11.639,11.639,11.639,11.639
49,385,154000,15.4,33.099,33.099,33.099,33.099,6.072,8.0,7.557,7.645,28.951,28.951,28.951,28.951,11.639,11.639,11.639,11.639
50,85,34000,3.4,33.099,33.099,33.099,33.099,5.282,7.996,6.985,7.135,28.951,28.951,28.951,28.951,11.639,11.639,11.639,11.639
51,62,24800,2.48,33.08,33.08,33.08,33.08,6.347,7.984,7.22,7.192,28.755,28.755,28.755,28.755,19.892,19.892,19.892,19.892
52,141,56400,5.64,33.099,33.099,33.099,33.099,6.056,7.993,7.387,7.571,28.951,28.951,28.951,28.951,11.639,11.639,11.639,11.639
53,92,36800,3.68,33.099,33.099,33.099,33.099,6.804,7.992,7.562,7.592,28.951,28.951,28.951,28.951,11.639,11.639,11.639,11.639
54,54,21600,2.16,33.099,33.099,33.099,33.099,6.762,7.986,7.539,7.66,28.951,28.951,28.951,28.951,16.128,16.128,16.128,16.128
55,168,67200,6.72,33.08,33.08,33.08,33.08,5.686,7.997,7.314,7.433,28.755,28.755,28.755,28.755,19.892,19.892,19.892,19.892
56,112,44800,4.48,33.08,33.08,33.08,33.08,6.812,8.0,7.569,7.63,28.755,28.755,28.755,28.755,19.892,19.892,19.892,19.892
57,138,55200,5.52,33.08,33.08,33.08,33.08,6.163,7.999,7.572,7.736,28.755,28.755,28.755,28.755,19.892,19.892,19.892,19.892
58,57,22800,2.28,33.08,33.08,33.08,33.08,5.48,7.935,6.745,6.658,28.755,28.755,28.755,28.755,19.892,19.892,19.892,19.892
59,50,20000,2.0,33.08,33.08,33.08,33.08,6.182,7.999,7.254,7.228,28.755,28.755,28.755,28.755,19.892,19.892,19.892,19.892
60,51,20400,2.04,33.055,33.08,33.077,33.08,5.522,7.998,7.148,7.605,28.755,28.874,28.771,28.755,15.064,19.892,19.23,19.892
61,76,30400,3.04,33.055,33.055,33.055,33.055,5.866,7.994,7.538,7.65,28.874,28.874,28.874,28.874,18.716,18.716,18.716,18.716
62,52,20800,2.08,33.055,33.055,33.055,33.055,5.886,7.996,7.088,7.044,28.874,28.874,28.874,28.874,15.064,15.064,15.064,15.064
63,92,36800,3.68,33.055,33.055,33.055,33.055,5.565,8.0,6.89,7.089,28.874,28.874,28.874,28.874,18.716,18.716,18.716,18.716
64,113,45200,4.52,33.055,33.055,33.055,33.055,7.125,7.999,7.653,7.709,28.874,28.874,28.874,28.874,18.716,18.716,18.716,18.716
65,60,24000,2.4,33.055,33.055,33.055,33.055,6.924,7.988,7.535,7.611,28.874,28.874,28.874,28.874,18.716,18.716,18.716,18.716
66,62,24800,2.48,33.055,33.055,33.055,33.055,7.172,8.0,7.739,7.828,28.874,28.874,28.874,28.874,18.716,18.716,18.716,18.716
67,391,156400,15.64,33.055,33.055,33.055,33.055,5.314,7.996,7.274,7.448,28.874,28.874,28.874,28.874,17.097,17.097,17.097,17.097
68,568,227200,22.72,33.055,33.055,33.055,33.055,5.11,7.999,6.741,6.797,28.874,28.874,28.874,28.874,17.097,17.097,17.097,17.097
69,68,27200,2.72,33.055,33.055,33.055,33.055,6.918,7.989,7.626,7.644,28.874,28.874,28.874,28.874,13.574,13.574,13.574,13.574
70,66,26400,2.64,33.055,33.055,33.055,33.055,6.091,7.999,7.373,7.428,28.874,28.874,28.874,28.874,13.574,13.574,13.574,13.574
71,359,143600,14.36,33.055,33.055,33.055,33.055,5.337,7.999,7.358,7.503,28.874,28.874,28.874,28.874,13.574,13.574,13.574,13.574
72,209,83600,8.36,33.055,33.055,33.055,33.055,5.578,7.978,6.708,6.646,28.874,28.874,28.874,28.874,17.097,17.097,17.097,17.097
73,99,39600,3.96,33.055,33.055,33.055,33.055,5.739,7.995,7.146,7.357,28.874,28.874,28.874,28.874,13.574,13.574,13.574,13.574
74,85,34000,3.4,33.055,33.055,33.055,33.055,5.247,7.979,6.887,6.939,28.874,28.874,28.874,28.874,17.097,17.097,17.097,17.097
75,510,204000,20.4,33.055,33.055,33.055,33.055,6.165,7.999,7.329,7.379,28.874,28.874,28.874,28.874,16.234,17.097,17.087,17.097
76,346,138400,13.84,33.055,33.055,33.055,33.055,5.739,7.994,7.212,7.266,28.874,28.874,28.874,28.874,17.097,17.097,17.097,17.097
77,63,25200,2.52,33.055,33.055,33.055,33.055,6.715,7.971,7.515,7.549,28.874,28.874,28.874,28.874,16.234,16.234,16.234,16.234
78,98,39200,3.92,33.055,33.055,33.055,33.055,6.09,7.983,7.276,7.356,28.874,28.874,28.874,28.874,16.234,16.234,16.234,16.234
79,66,26400,2.64,33.055,33.055,33.055,33.055,5.874,7.99,7.283,7.211,28.874,28.874,28.874,28.874,16.234,16.234,16.234,16.234
80,56,22400,2.24,33.055,33.055,33.055,33.055,6.145,7.953,7.358,7.436,28.874,28.874,28.874,28.874,16.234,16.234,16.234,16.234
81,89,35600,3.56,33.055,33.055,33.055,33.055,5.382,7.975,6.917,6.952,28.874,28.874,28.874,28.874,16.234,16.234,16.234,16.234
82,77,30800,3.08,33.055,33.055,33.055,33.055,5.738,7.977,6.946,6.915,28.874,28.874,28.874,28.874,16.234,16.234,16.234,16.234
83,99,39600,3.96,33.055,33.055,33.055,33.055,5.466,7.987,7.078,7.078,28.874,28.874,28.874,28.874,16.234,16.234,16.234,16.234
84,341,136400,13.64,33.055,33.055,33.055,33.055,5.082,7.997,7.24,7.277,28.874,28.874,28.874,28.874,16.234,16.234,16.234,16.234
85,87,34800,3.48,33.055,33.055,33.055,33.055,5.807,7.998,7.256,7.352,28.874,28.874,28.874,28.874,16.234,16.234,16.234,16.234
86,41177,16470800,1647.08,32.989,33.009,33.009,33.009,4.0,8.0,6.616,6.699,28.694,28.916,28.698,28.694,12.146,19.045,16.619,14.461
87,319,127600,12.76,33.007,33.009,33.008,33.007,5.308,7.981,7.11,7.171,28.694,28.916,28.906,28.916,15.69,19.045,15.848,15.69
88,119,47600,4.76,33.009,33.009,33.009,33.009,5.719,7.989,7.265,7.413,28.694,28.694,28.694,28.694,19.045,19.045,19.045,19.045
89,141,56400,5.64,33.007,33.007,33.007,33.007,5.989,8.0,7.295,7.343,28.916,28.916,28.916,28.916,15.69,15.69,15.69,15.69
90,51,20400,2.04,33.007,33.007,33.007,33.007,5.863,7.997,7.208,7.308,28.916,28.916,28.916,28.916,15.69,15.69,15.69,15.69
91,517,206800,20.68,33.009,33.009,33.009,33.009,4.696,7.995,6.885,6.951,28.694,28.694,28.694,28.694,19.045,19.045,19.045,19.045
92,99,39600,3.96,33.007,33.009,33.009,33.009,4.138,7.979,6.711,6.741,28.694,28.916,28.725,28.694,15.69,19.045,18.571,19.045
93,59,23600,2.36,33.007,33.009,33.009,33.009,5.189,7.961,7.099,7.13,28.694,28.916,28.754,28.694,15.69,19.045,18.135,19.045
94,799,319600,31.96,33.009,33.009,33.009,33.009,4.867,8.0,7.259,7.389,28.694,28.694,28.694,28.694,19.045,19.045,19.045,19.045
95,400,160000,16.0,33.009,33.009,33.009,33.009,5.505,7.999,7.228,7.354,28.694,28.694,28.694,28.694,19.045,19.045,19.045,19.045
96,64,25600,2.56,33.009,33.009,33.009,33.009,5.941,7.995,7.347,7.417,28.694,28.694,28.694,28.694,19.045,19.045,19.045,19.045
97,71,28400,2.84,33.009,33.009,33.009,33.009,5.524,7.973,6.81,6.648,28.694,28.694,28.694,28.694,19.045,19.045,19.045,19.045
98,60,24000,2.4,33.009,33.009,33.009,33.009,5.998,7.944,7.147,7.123,28.694,28.694,28.694,28.694,19.045,19.045,19.045,19.045
99,72,28800,2.88,33.009,33.009,33.009,33.009,5.867,7.998,7.254,7.258,28.694,28.694,28.694,28.694,19.045,19.045,19.045,19.045
100,109,43600,4.36,33.007,33.007,33.007,33.007,5.678,7.998,7.065,7.023,28.916,28.916,28.916,28.916,15.69,15.69,15.69,15.69
101,89,35600,3.56,33.009,33.009,33.009,33.009,5.83,7.988,7.188,7.211,28.694,28.694,28.694,28.694,19.045,19.045,19.045,19.045
102,66,26400,2.64,33.007,33.007,33.007,33.007,6.056,7.993,7.068,7.03,28.916,28.916,28.916,28.916,11.921,11.921,11.921,11.921
103,1437,574800,57.48,33.009,33.009,33.009,33.009,4.281,7.996,6.897,6.958,28.694,28.694,28.694,28.694,14.461,14.461,14.461,14.461
104,70,28000,2.8,33.007,33.007,33.007,33.007,5.833,7.984,7.063,7.159,28.916,28.916,28.916,28.916,11.921,11.921,11.921,11.921
105,68,27200,2.72,33.007,33.007,33.007,33.007,6.014,7.991,7.265,7.212,28.916,28.916,28.916,28.916,11.921,11.921,11.921,11.921
106,58,23200,2.32,33.009,33.009,33.009,33.009,5.446,7.929,6.981,7.197,28.694,28.694,28.694,28.694,14.461,14.461,14.461,14.461
107,164,65600,6.56,33.007,33.007,33.007,33.007,4.477,7.993,6.771,6.882,28.916,28.916,28.916,28.916,11.921,11.921,11.921,11.921
108,454,181600,18.16,33.007,33.009,33.009,33.009,4.025,7.997,6.726,6.774,28.694,28.916,28.71,28.694,11.921,14.461,14.277,14.461
109,408,163200,16.32,33.009,33.009,33.009,33.009,4.182,7.982,6.791,6.852,28.694,28.694,28.694,28.694,14.461,14.461,14.461,14.461
110,350,140000,14.0,33.009,33.009,33.009,33.009,5.146,7.976,6.642,6.639,28.694,28.694,28.694,28.694,14.461,14.461,14.461,14.461
111,72,28800,2.88,33.009,33.009,33.009,33.009,5.403,7.971,7.048,7.134,28.694,28.694,28.694,28.694,14.461,14.461,14.461,14.461
112,50,20000,2.0,33.009,33.009,33.009,33.009,5.628,7.992,6.802,6.579,28.694,28.694,28.694,28.694,14.461,14.461,14.461,14.461
113,57,22800,2.28,33.009,33.009,33.009,33.009,5.715,7.986,6.539,6.39,28.694,28.694,28.694,28.694,14.461,14.461,14.461,14.461
114,198,79200,7.92,32.989,33.009,32.996,32.989,5.103,7.979,6.778,6.748,28.694,28.786,28.751,28.786,12.146,17.476,15.165,14.461
115,44408,17763200,1776.32,32.989,32.989,32.989,32.989,4.001,8.0,6.884,7.042,28.786,28.786,28.786,28.786,12.146,19.882,16.898,17.476
116,250,100000,10.0,32.989,32.989,32.989,32.989,4.323,7.999,6.944,7.216,28.786,28.786,28.786,28.786,17.476,17.476,17.476,17.476
117,151,60400,6.04,32.989,32.989,32.989,32.989,5.767,7.997,7.019,6.997,28.786,28.786,28.786,28.786,12.146,12.146,12.146,12.146
118,149,59600,5.96,32.989,32.989,32.989,32.989,4.084,7.833,6.798,6.743,28.786,28.786,28.786,28.786,17.476,17.476,17.476,17.476
119,330,132000,13.2,32.989,32.989,32.989,32.989,4.6,7.993,6.791,6.738,28.786,28.786,28.786,28.786,12.146,12.146,12.146,12.146
120,90,36000,3.6,32.989,32.989,32.989,32.989,5.707,7.995,7.053,7.132,28.786,28.786,28.786,28.786,12.146,17.476,12.383,12.146
121,61,24400,2.44,32.989,32.989,32.989,32.989,5.911,7.995,7.057,6.954,28.786,28.786,28.786,28.786,12.146,12.146,12.146,12.146
122,61,24400,2.44,32.989,32.989,32.989,32.989,5.09,7.993,7.206,7.415,28.786,28.786,28.786,28.786,12.146,12.146,12.146,12.146
123,152,60800,6.08,32.989,32.989,32.989,32.989,5.386,7.915,6.842,6.835,28.786,28.786,28.786,28.786,12.146,12.146,12.146,12.146
124,182,72800,7.28,32.989,32.989,32.989,32.989,4.973,7.999,6.737,6.841,28.786,28.786,28.786,28.786,12.146,17.476,13.933,12.146
125,114,45600,4.56,32.989,32.989,32.989,32.989,5.965,7.994,6.984,6.937,28.786,28.786,28.786,28.786,12.146,12.146,12.146,12.146
126,422,168800,16.88,32.989,32.989,32.989,32.989,5.556,7.992,7.04,7.076,28.786,28.786,28.786,28.786,12.146,12.146,12.146,12.146
127,305,122000,12.2,32.989,32.989,32.989,32.989,5.514,8.0,6.934,6.88,28.786,28.786,28.786,28.786,12.146,12.146,12.146,12.146
128,73,29200,2.92,32.989,32.989,32.989,32.989,5.956,7.991,7.074,7.05,28.786,28.786,28.786,28.786,12.146,12.146,12.146,12.146
129,122,48800,4.88,32.989,32.989,32.989,32.989,5.071,7.97,6.882,6.876,28.786,28.786,28.786,28.786,17.476,17.476,17.476,17.476
130,386,154400,15.44,32.989,32.989,32.989,32.989,4.026,7.991,6.838,6.761,28.786,28.786,28.786,28.786,12.146,17.476,12.464,12.146
131,117,46800,4.68,32.989,32.989,32.989,32.989,5.635,7.985,7.256,7.455,28.786,28.786,28.786,28.786,12.146,12.146,12.146,12.146
132,143,57200,5.72,32.989,32.989,32.989,32.989,4.079,7.997,6.702,6.699,28.786,28.786,28.786,28.786,17.476,17.476,17.476,17.476
133,152,60800,6.08,32.989,32.989,32.989,32.989,4.16,7.997,6.971,7.164,28.786,28.786,28.786,28.786,12.146,12.146,12.146,12.146
134,165,66000,6.6,32.989,32.989,32.989,32.989,5.713,8.0,6.983,6.899,28.786,28.786,28.786,28.786,12.146,17.476,17.443,17.476
135,97,38800,3.88,32.989,32.989,32.989,32.989,4.96,7.914,6.589,6.505,28.786,28.786,28.786,28.786,17.476,17.476,17.476,17.476
136,53,21200,2.12,32.989,32.989,32.989,32.989,5.038,7.997,6.752,7.05,28.786,28.786,28.786,28.786,17.476,17.476,17.476,17.476
137,120,48000,4.8,32.989,32.989,32.989,32.989,5.668,7.996,7.361,7.482,28.786,28.786,28.786,28.786,12.146,12.146,12.146,12.146
138,108,43200,4.32,32.989,32.989,32.989,32.989,4.131,7.982,7.051,7.099,28.786,28.786,28.786,28.786,12.146,12.146,12.146,12.146
139,66,26400,2.64,32.989,32.989,32.989,32.989,5.632,7.938,6.801,6.804,28.786,28.786,28.786,28.786,11.057,12.146,11.948,12.146
140,80,32000,3.2,32.989,32.989,32.989,32.989,5.794,7.983,7.364,7.438,28.786,28.786,28.786,28.786,16.686,17.476,17.111,17.476
141,121,48400,4.84,32.989,32.989,32.989,32.989,5.55,7.993,7.085,7.02,28.786,28.786,28.786,28.786,11.057,12.146,11.858,12.146
142,102,40800,4.08,32.989,32.989,32.989,32.989,5.56,7.975,6.889,6.839,28.786,28.786,28.786,28.786,11.057,11.057,11.057,11.057
143,106,42400,4.24,32.989,32.989,32.989,32.989,5.624,7.998,6.724,6.716,28.786,28.786,28.786,28.786,11.057,11.057,11.057,11.057
144,137,54800,5.48,32.989,32.989,32.989,32.989,4.061,7.991,6.562,6.628,28.786,28.786,28.786,28.786,11.057,11.057,11.057,11.057
145,162,64800,6.48,32.989,32.989,32.989,32.989,4.965,7.999,7.074,7.175,28.786,28.786,28.786,28.786,16.686,16.686,16.686,16.686
146,121,48400,4.84,32.989,32.989,32.989,32.989,5.822,7.988,6.856,6.803,28.786,28.786,28.786,28.786,11.057,16.686,16.407,16.686
147,129,51600,5.16,32.989,32.989,32.989,32.989,5.299,7.979,7.281,7.39,28.786,28.786,28.786,28.786,16.686,16.686,16.686,16.686
148,121,48400,4.84,32.989,32.989,32.989,32.989,5.624,7.981,6.958,6.902,28.786,28.786,28.786,28.786,11.057,11.057,11.057,11.057
149,167,66800,6.68,32.989,32.989,32.989,32.989,4.226,7.993,6.691,6.961,28.786,28.786,28.786,28.786,16.686,16.686,16.686,16.686
150,57,22800,2.28,32.989,32.989,32.989,32.989,5.516,7.986,6.935,7.04,28.786,28.786,28.786,28.786,11.057,11.057,11.057,11.057
151,155,62000,6.2,32.989,32.989,32.989,32.989,4.928,7.998,7.243,7.476,28.786,28.786,28.786,28.786,16.686,16.686,16.686,16.686
152,66,26400,2.64,32.989,32.989,32.989,32.989,5.866,7.942,6.731,6.594,28.786,28.786,28.786,28.786,11.057,11.057,11.057,11.057
153,72,28800,2.88,32.989,32.989,32.989,32.989,5.732,7.999,6.765,6.633,28.786,28.786,28.786,28.786,16.686,16.686,16.686,16.686
154,94,37600,3.76,32.989,32.989,32.989,32.989,5.959,7.98,7.244,7.309,28.786,28.786,28.786,28.786,16.686,16.686,16.686,16.686
155,124,49600,4.96,32.989,32.989,32.989,32.989,6.566,7.985,7.561,7.622,28.786,28.786,28.786,28.786,16.686,16.686,16.686,16.686
156,71,28400,2.84,32.989,32.989,32.989,32.989,6.201,7.974,7.199,7.231,28.786,28.786,28.786,28.786,11.057,16.686,14.467,16.686
157,52,20800,2.08,32.989,32.989,32.989,32.989,5.343,7.994,7.242,7.533,28.786,28.786,28.786,28.786,16.686,16.686,16.686,16.686
158,65,26000,2.6,32.989,32.989,32.989,32.989,5.66,7.971,6.864,6.901,28.786,28.786,28.786,28.786,11.057,16.686,11.144,11.057
159,236,94400,9.44,32.989,32.989,32.989,32.989,5.392,7.998,6.822,6.829,28.786,28.786,28.786,28.786,11.057,11.057,11.057,11.057
160,70,28000,2.8,32.989,32.989,32.989,32.989,5.96,7.998,7.219,7.217,28.786,28.786,28.786,28.786,16.686,16.686,16.686,16.686
161,193,77200,7.72,32.989,32.989,32.989,32.989,5.739,7.987,6.831,6.74,28.786,28.786,28.786,28.786,15.392,16.686,16.391,16.686
162,62,24800,2.48,32.989,32.989,32.989,32.989,5.886,7.98,7.417,7.524,28.786,28.786,28.786,28.786,19.882,19.882,19.882,19.882
163,30181,12072400,1207.24,32.949,32.989,32.983,32.989,4.002,8.0,6.454,6.597,28.593,28.947,28.817,28.786,16.236,19.882,19.168,19.882
164,84,33600,3.36,32.989,32.989,32.989,32.989,4.325,7.992,7.098,7.196,28.786,28.786,28.786,28.786,19.882,19.882,19.882,19.882
165,65,26000,2.6,32.989,32.989,32.989,32.989,6.077,7.99,7.284,7.325,28.786,28.786,28.786,28.786,15.392,19.882,17.05,15.392
166,172,68800,6.88,32.989,32.989,32.989,32.989,5.555,7.994,7.364,7.458,28.786,28.786,28.786,28.786,19.882,19.882,19.882,19.882
167,835,334000,33.4,32.989,32.989,32.989,32.989,4.974,7.999,7.232,7.314,28.786,28.786,28.786,28.786,19.882,19.882,19.882,19.882
168,64,25600,2.56,32.989,32.989,32.989,32.989,5.82,7.986,7.071,7.118,28.786,28.786,28.786,28.786,19.882,19.882,19.882,19.882
169,160,64000,6.4,32.989,32.989,32.989,32.989,5.426,7.99,7.157,7.222,28.786,28.786,28.786,28.786,19.882,19.882,19.882,19.882
170,168,67200,6.72,32.989,32.989,32.989,32.989,5.414,7.996,7.111,7.23,28.786,28.786,28.786,28.786,19.882,19.882,19.882,19.882
171,68,27200,2.72,32.989,32.989,32.989,32.989,6.819,7.995,7.518,7.55,28.786,28.786,28.786,28.786,19.882,19.882,19.882,19.882
172,729,291600,29.16,32.96,32.989,32.975,32.989,5.153,7.996,7.29,7.38,28.786,28.947,28.863,28.786,16.236,19.882,18.122,19.882
173,99,39600,3.96,32.96,32.96,32.96,32.96,5.857,7.986,7.237,7.286,28.947,28.947,28.947,28.947,16.236,16.236,16.236,16.236
174,656,262400,26.24,32.96,32.96,32.96,32.96,5.228,8.0,7.203,7.262,28.947,28.947,28.947,28.947,16.236,16.236,16.236,16.236
175,82,32800,3.28,32.96,32.96,32.96,32.96,6.362,7.969,7.398,7.508,28.947,28.947,28.947,28.947,16.236,16.236,16.236,16.236
176,66,26400,2.64,32.96,32.96,32.96,32.96,5.85,7.984,6.988,6.885,28.947,28.947,28.947,28.947,16.236,16.236,16.236,16.236
177,74,29600,2.96,32.96,32.96,32.96,32.96,6.369,7.994,7.357,7.409,28.947,28.947,28.947,28.947,16.236,16.236,16.236,16.236
178,60,24000,2.4,32.96,32.96,32.96,32.96,6.357,7.989,7.214,7.251,28.947,28.947,28.947,28.947,16.236,16.236,16.236,16.236
179,78,31200,3.12,32.96,32.96,32.96,32.96,6.788,7.997,7.488,7.486,28.947,28.947,28.947,28.947,16.236,16.236,16.236,16.236
180,61,24400,2.44,32.96,32.96,32.96,32.96,5.734,7.978,7.256,7.466,28.947,28.947,28.947,28.947,16.236,16.236,16.236,16.236
181,143,57200,5.72,32.96,32.96,32.96,32.96,5.515,7.985,7.206,7.236,28.947,28.947,28.947,28.947,16.236,16.236,16.236,16.236
182,77,30800,3.08,32.96,32.96,32.96,32.96,5.613,7.984,7.35,7.372,28.947,28.947,28.947,28.947,16.236,16.236,16.236,16.236
183,61,24400,2.44,32.96,32.96,32.96,32.96,5.085,7.99,6.829,6.756,28.947,28.947,28.947,28.947,16.236,16.236,16.236,16.236
184,550,220000,22.0,32.96,32.96,32.96,32.96,4.802,7.998,6.82,7.007,28.947,28.947,28.947,28.947,16.236,16.236,16.236,16.236
185,12418,4967200,496.72,32.949,32.949,32.949,32.949,4.0,8.0,6.683,6.891,28.837,28.837,28.837,28.837,15.662,15.662,15.662,15.662
186,272,108800,10.88,32.96,32.96,32.96,32.96,4.936,7.998,7.124,7.337,28.947,28.947,28.947,28.947,11.896,11.896,11.896,11.896
187,57,22800,2.28,32.96,32.96,32.96,32.96,6.124,7.97,7.353,7.448,28.947,28.947,28.947,28.947,11.896,11.896,11.896,11.896
188,168,67200,6.72,32.949,32.949,32.949,32.949,6.428,7.972,7.404,7.432,28.837,28.837,28.837,28.837,15.662,15.662,15.662,15.662
189,50,20000,2.0,32.96,32.96,32.96,32.96,6.374,7.894,7.365,7.43,28.947,28.947,28.947,28.947,11.896,11.896,11.896,11.896
190,70,28000,2.8,32.96,32.96,32.96,32.96,5.118,7.978,6.959,7.048,28.947,28.947,28.947,28.947,11.896,11.896,11.896,11.896
191,140,56000,5.6,32.96,32.96,32.96,32.96,4.512,7.998,6.169,6.037,28.947,28.947,28.947,28.947,9.79,11.896,9.955,9.79
192,2319,927600,92.76,32.949,32.96,32.954,32.949,4.191,7.998,7.088,7.192,28.837,28.947,28.888,28.837,11.896,15.662,13.908,15.662
193,104,41600,4.16,32.949,32.949,32.949,32.949,6.314,7.996,7.385,7.44,28.837,28.837,28.837,28.837,15.662,15.662,15.662,15.662
194,68,27200,2.72,32.96,32.96,32.96,32.96,5.832,7.998,6.88,6.832,28.947,28.947,28.947,28.947,11.896,11.896,11.896,11.896
195,132,52800,5.28,32.96,32.96,32.96,32.96,4.818,7.995,6.817,6.891,28.947,28.947,28.947,28.947,11.896,11.896,11.896,11.896
196,117,46800,4.68,32.96,32.96,32.96,32.96,5.353,7.858,6.893,6.972,28.947,28.947,28.947,28.947,11.896,11.896,11.896,11.896
197,325,130000,13.0,32.949,32.949,32.949,32.949,4.31,7.995,6.961,7.088,28.837,28.837,28.837,28.837,15.662,15.662,15.662,15.662
198,56,22400,2.24,32.949,32.949,32.949,32.949,4.981,7.965,6.906,7.078,28.837,28.837,28.837,28.837,15.662,15.662,15.662,15.662
199,385,154000,15.4,32.949,32.949,32.949,32.949,5.07,7.992,7.324,7.365,28.837,28.837,28.837,28.837,15.662,15.662,15.662,15.662
200,96,38400,3.84,32.96,32.96,32.96,32.96,5.424,7.962,6.849,6.92,28.947,28.947,28.947,28.947,11.896,11.896,11.896,11.896
201,59,23600,2.36,32.96,32.96,32.96,32.96,6.193,7.972,7.209,7.227,28.947,28.947,28.947,28.947,11.896,11.896,11.896,11.896
202,92,36800,3.68,32.96,32.96,32.96,32.96,6.165,7.991,7.191,7.229,28.947,28.947,28.947,28.947,11.896,11.896,11.896,11.896
203,71,28400,2.84,32.949,32.949,32.949,32.949,5.54,7.969,7.017,7.025,28.837,28.837,28.837,28.837,15.662,15.662,15.662,15.662
204,239,95600,9.56,32.949,32.949,32.949,32.949,5.28,7.996,7.259,7.264,28.837,28.837,28.837,28.837,15.662,15.662,15.662,15.662
205,51,20400,2.04,32.949,32.949,32.949,32.949,6.493,7.999,7.442,7.552,28.837,28.837,28.837,28.837,15.662,15.662,15.662,15.662
206,219,87600,8.76,32.949,32.96,32.95,32.949,6.037,7.991,7.293,7.321,28.837,28.947,28.851,28.837,11.896,15.662,15.18,15.662
207,443,177200,17.72,32.949,32.949,32.949,32.949,4.009,7.997,6.878,7.04,28.837,28.837,28.837,28.837,15.662,15.662,15.662,15.662
208,165,66000,6.6,32.96,32.96,32.96,32.96,5.763,7.998,7.209,7.269,28.947,28.947,28.947,28.947,11.896,11.896,11.896,11.896
209,764,305600,30.56,32.949,32.949,32.949,32.949,4.04,7.999,7.028,7.096,28.837,28.837,28.837,28.837,15.662,15.662,15.662,15.662
210,119,47600,4.76,32.96,32.96,32.96,32.96,5.931,7.983,7.019,7.036,28.947,28.947,28.947,28.947,11.896,11.896,11.896,11.896
211,56,22400,2.24,32.96,32.96,32.96,32.96,6.418,7.998,7.454,7.544,28.947,28.947,28.947,28.947,11.896,11.896,11.896,11.896
212,51,20400,2.04,32.949,32.949,32.949,32.949,6.383,7.995,7.526,7.637,28.837,28.837,28.837,28.837,15.662,15.662,15.662,15.662
213,69,27600,2.76,32.96,32.96,32.96,32.96,5.144,7.989,6.817,6.69,28.947,28.947,28.947,28.947,11.896,11.896,11.896,11.896
214,185,74000,7.4,32.949,32.949,32.949,32.949,5.67,8.0,7.186,7.245,28.837,28.837,28.837,28.837,10.513,15.662,15.049,15.662
215,74,29600,2.96,32.949,32.949,32.949,32.949,6.806,7.985,7.531,7.604,28.837,28.837,28.837,28.837,15.662,15.662,15.662,15.662
216,51,20400,2.04,32.949,32.949,32.949,32.949,6.366,7.993,7.356,7.381,28.837,28.837,28.837,28.837,10.513,15.662,15.258,15.662
217,58,23200,2.32,32.96,32.96,32.96,32.96,6.633,7.995,7.395,7.485,28.947,28.947,28.947,28.947,8.218,11.896,10.311,11.896
218,66,26400,2.64,32.949,32.949,32.949,32.949,5.099,7.999,6.846,7.026,28.837,28.837,28.837,28.837,18.011,18.011,18.011,18.011
219,1255,502000,50.2,32.949,32.949,32.949,32.949,4.52,8.0,6.522,6.537,28.837,28.837,28.837,28.837,18.011,18.011,18.011,18.011
220,133,53200,5.32,32.949,32.949,32.949,32.949,4.989,7.972,6.83,6.837,28.837,28.837,28.837,28.837,18.011,18.011,18.011,18.011
221,788,315200,31.52,32.946,32.949,32.949,32.949,4.007,7.997,6.475,6.636,28.701,28.837,28.836,28.837,18.011,18.011,18.011,18.011
222,559,223600,22.36,32.949,32.949,32.949,32.949,4.35,7.999,6.922,7.051,28.837,28.837,28.837,28.837,14.006,14.006,14.006,14.006
223,72,28800,2.88,32.949,32.949,32.949,32.949,6.445,7.94,7.278,7.324,28.837,28.837,28.837,28.837,14.006,14.006,14.006,14.006
224,117,46800,4.68,32.949,32.949,32.949,32.949,5.586,7.989,7.331,7.507,28.837,28.837,28.837,28.837,14.006,14.006,14.006,14.006
225,221,88400,8.84,32.949,32.96,32.959,32.96,5.032,7.99,7.088,7.121,28.837,28.947,28.935,28.947,8.218,10.513,8.468,8.218
226,62,24800,2.48,32.949,32.949,32.949,32.949,6.445,7.975,7.343,7.313,28.837,28.837,28.837,28.837,14.006,14.006,14.006,14.006
227,98,39200,3.92,32.949,32.949,32.949,32.949,5.628,7.994,7.177,7.194,28.837,28.837,28.837,28.837,10.513,10.513,10.513,10.513
228,657,262800,26.28,32.949,32.949,32.949,32.949,4.226,7.999,6.98,7.016,28.837,28.837,28.837,28.837,10.513,10.513,10.513,10.513
229,717,286800,28.68,32.949,32.949,32.949,32.949,4.027,7.999,6.774,6.87,28.837,28.837,28.837,28.837,18.011,18.011,18.011,18.011
230,108,43200,4.32,32.96,32.96,32.96,32.96,5.089,7.998,7.242,7.296,28.947,28.947,28.947,28.947,7.63,7.63,7.63,7.63
231,60,24000,2.4,32.949,32.96,32.953,32.949,5.044,7.974,6.771,6.735,28.837,28.947,28.881,28.837,8.218,10.513,9.595,10.513
232,50,20000,2.0,32.96,32.96,32.96,32.96,6.432,7.991,7.637,7.729,28.947,28.947,28.947,28.947,7.63,7.63,7.63,7.63
233,173,69200,6.92,32.949,32.949,32.949,32.949,5.87,7.981,7.295,7.415,28.837,28.837,28.837,28.837,14.006,14.006,14.006,14.006
234,69,27600,2.76,32.949,32.949,32.949,32.949,5.371,7.995,6.921,7.021,28.837,28.837,28.837,28.837,14.006,14.006,14.006,14.006
235,62,24800,2.48,32.949,32.949,32.949,32.949,5.304,7.997,7.137,7.094,28.837,28.837,28.837,28.837,18.011,18.011,18.011,18.011
236,367,146800,14.68,32.949,32.949,32.949,32.949,4.457,7.985,6.752,6.857,28.837,28.837,28.837,28.837,14.006,14.006,14.006,14.006
237,94,37600,3.76,32.949,32.96,32.952,32.949,5.234,7.961,6.958,7.059,28.837,28.947,28.872,28.837,8.218,10.513,9.781,10.513
238,285,114000,11.4,32.949,32.949,32.949,32.949,4.95,7.997,7.049,7.089,28.837,28.837,28.837,28.837,14.006,14.006,14.006,14.006
239,104,41600,4.16,32.96,32.96,32.96,32.96,6.006,7.997,7.268,7.309,28.947,28.947,28.947,28.947,7.63,7.63,7.63,7.63
240,58,23200,2.32,32.96,32.96,32.96,32.96,5.797,7.97,7.167,7.246,28.947,28.947,28.947,28.947,8.218,8.218,8.218,8.218
241,131,52400,5.24,32.96,32.96,32.96,32.96,6.474,7.993,7.5,7.531,28.947,28.947,28.947,28.947,7.63,7.63,7.63,7.63
242,64,25600,2.56,32.96,32.96,32.96,32.96,5.78,7.896,6.848,6.748,28.947,28.947,28.947,28.947,8.218,8.218,8.218,8.218
243,58,23200,2.32,32.949,32.949,32.949,32.949,4.108,7.999,6.539,6.739,28.837,28.837,28.837,28.837,14.006,14.006,14.006,14.006
244,121,48400,4.84,32.949,32.949,32.949,32.949,5.302,7.985,7.029,7.123,28.837,28.837,28.837,28.837,14.006,14.006,14.006,14.006
245,338,135200,13.52,32.949,32.949,32.949,32.949,4.868,7.98,6.877,6.955,28.837,28.837,28.837,28.837,14.006,14.006,14.006,14.006
246,54,21600,2.16,32.949,32.949,32.949,32.949,5.522,7.973,6.984,7.087,28.837,28.837,28.837,28.837,18.011,18.011,18.011,18.011
247,89,35600,3.56,32.949,32.949,32.949,32.949,6.605,7.99,7.512,7.514,28.837,28.837,28.837,28.837,10.513,10.513,10.513,10.513
248,68,27200,2.72,32.96,32.96,32.96,32.96,6.366,8.0,7.392,7.492,28.947,28.947,28.947,28.947,7.63,7.63,7.63,7.63
249,69,27600,2.76,32.949,32.949,32.949,32.949,4.322,7.994,7.034,7.306,28.837,28.837,28.837,28.837,14.006,14.006,14.006,14.006
250,79,31600,3.16,32.96,32.96,32.96,32.96,5.56,7.999,7.29,7.412,28.947,28.947,28.947,28.947,7.63,7.63,7.63,7.63
251,195,78000,7.8,32.949,32.949,32.949,32.949,4.872,7.996,6.726,6.741,28.837,28.837,28.837,28.837,14.006,14.006,14.006,14.006
252,201,80400,8.04,32.949,32.949,32.949,32.949,4.053,7.995,7.269,7.396,28.837,28.837,28.837,28.837,14.006,14.006,14.006,14.006
253,564,225600,22.56,32.949,32.949,32.949,32.949,4.043,7.999,6.687,6.869,28.837,28.837,28.837,28.837,14.006,14.006,14.006,14.006
254,144,57600,5.76,32.949,32.949,32.949,32.949,4.756,7.957,6.994,6.997,28.837,28.837,28.837,28.837,10.513,10.513,10.513,10.513
255,52,20800,2.08,32.949,32.949,32.949,32.949,5.736,7.995,7.0,6.917,28.837,28.837,28.837,28.837,18.011,18.011,18.011,18.011
256,77,30800,3.08,32.949,32.949,32.949,32.949,5.687,7.998,7.226,7.384,28.837,28.837,28.837,28.837,10.513,10.513,10.513,10.513
257,90,36000,3.6,32.949,32.949,32.949,32.949,5.394,7.962,7.072,7.157,28.837,28.837,28.837,28.837,14.006,14.006,14.006,14.006
258,2831,1132400,113.24,32.934,32.949,32.937,32.934,4.001,7.999,6.569,6.755,28.837,29.044,29.007,29.044,9.785,14.006,10.525,9.785
259,2359,943600,94.36,32.934,32.949,32.936,32.934,4.199,7.999,6.952,7.089,28.837,29.044,29.01,29.044,9.785,14.006,10.469,9.785
260,55,22000,2.2,32.934,32.949,32.936,32.934,5.303,7.974,7.239,7.392,28.837,29.044,29.01,29.044,9.785,14.006,10.476,9.785
261,147,58800,5.88,32.915,32.915,32.915,32.915,5.495,7.97,6.991,7.07,28.963,28.963,28.963,28.963,16.13,16.13,16.13,16.13
262,102,40800,4.08,32.934,32.934,32.934,32.934,6.113,7.993,7.344,7.443,29.044,29.044,29.044,29.044,9.785,9.785,9.785,9.785
263,1369,547600,54.76,32.915,32.915,32.915,32.915,4.948,7.999,7.076,7.146,28.963,28.963,28.963,28.963,16.13,16.13,16.13,16.13
264,144,57600,5.76,32.934,32.934,32.934,32.934,4.806,7.936,6.515,6.526,29.044,29.044,29.044,29.044,9.785,9.785,9.785,9.785
265,85,34000,3.4,32.915,32.915,32.915,32.915,5.779,7.941,6.99,7.049,28.963,28.963,28.963,28.963,16.13,16.13,16.13,16.13
266,95,38000,3.8,32.934,32.934,32.934,32.934,5.411,7.862,6.91,7.008,29.044,29.044,29.044,29.044,9.785,9.785,9.785,9.785
267,71,28400,2.84,32.934,32.934,32.934,32.934,5.643,7.999,7.453,7.509,29.044,29.044,29.044,29.044,9.785,9.785,9.785,9.785
268,94,37600,3.76,32.915,32.915,32.915,32.915,5.7,7.963,7.239,7.295,28.963,28.963,28.963,28.963,16.13,16.13,16.13,16.13
269,78,31200,3.12,32.915,32.915,32.915,32.915,5.073,7.995,7.157,7.36,28.963,28.963,28.963,28.963,16.13,16.13,16.13,16.13
270,2076,830400,83.04,32.915,32.915,32.915,32.915,4.065,7.999,6.084,6.025,28.963,28.963,28.963,28.963,16.13,16.13,16.13,16.13
271,96,38400,3.84,32.915,32.915,32.915,32.915,5.954,7.976,7.11,7.086,28.963,28.963,28.963,28.963,16.13,16.13,16.13,16.13
272,95,38000,3.8,32.934,32.934,32.934,32.934,5.518,7.993,7.221,7.334,29.044,29.044,29.044,29.044,9.785,9.785,9.785,9.785
273,153,61200,6.12,32.934,32.934,32.934,32.934,6.433,7.999,7.415,7.454,29.044,29.044,29.044,29.044,9.785,11.562,9.948,9.785
274,55,22000,2.2,32.934,32.934,32.934,32.934,5.752,7.981,7.272,7.337,29.044,29.044,29.044,29.044,9.785,9.785,9.785,9.785
275,194,77600,7.76,32.915,32.934,32.916,32.915,6.687,7.998,7.494,7.536,28.963,29.044,28.97,28.963,11.562,16.13,15.753,16.13
276,325,130000,13.0,32.915,32.915,32.915,32.915,6.184,8.0,7.251,7.256,28.963,28.963,28.963,28.963,16.13,16.13,16.13,16.13
277,82,32800,3.28,32.934,32.934,32.934,32.934,4.63,7.999,6.94,7.148,29.044,29.044,29.044,29.044,8.312,8.312,8.312,8.312
278,835,334000,33.4,32.934,32.934,32.934,32.934,5.375,7.999,7.265,7.393,29.044,29.044,29.044,29.044,11.562,11.562,11.562,11.562
279,93,37200,3.72,32.934,32.934,32.934,32.934,5.193,7.922,7.096,7.256,29.044,29.044,29.044,29.044,9.785,11.562,11.18,11.562
280,70,28000,2.8,32.934,32.934,32.934,32.934,6.704,7.992,7.418,7.387,29.044,29.044,29.044,29.044,11.562,11.562,11.562,11.562
281,52,20800,2.08,32.915,32.915,32.915,32.915,6.318,7.967,7.087,7.099,28.963,28.963,28.963,28.963,16.13,16.13,16.13,16.13
282,82,32800,3.28,32.934,32.934,32.934,32.934,4.352,7.945,7.055,7.371,29.044,29.044,29.044,29.044,8.312,9.785,8.528,8.312
283,215,86000,8.6,32.934,32.934,32.934,32.934,5.467,7.999,7.074,7.161,29.044,29.044,29.044,29.044,9.785,9.785,9.785,9.785
284,103,41200,4.12,32.934,32.934,32.934,32.934,4.47,7.992,6.696,6.926,29.044,29.044,29.044,29.044,9.785,9.785,9.785,9.785
285,62,24800,2.48,32.934,32.934,32.934,32.934,5.233,7.994,7.049,7.155,29.044,29.044,29.044,29.044,9.785,9.785,9.785,9.785
286,66,26400,2.64,32.934,32.934,32.934,32.934,6.582,7.999,7.401,7.49,29.044,29.044,29.044,29.044,9.785,9.785,9.785,9.785
287,114,45600,4.56,32.934,32.934,32.934,32.934,4.388,7.973,7.043,7.154,29.044,29.044,29.044,29.044,9.785,9.785,9.785,9.785
288,809,323600,32.36,32.934,32.934,32.934,32.934,5.474,7.998,7.202,7.314,29.044,29.044,29.044,29.044,11.562,11.562,11.562,11.562
289,109,43600,4.36,32.934,32.934,32.934,32.934,6.348,7.99,7.45,7.558,29.044,29.044,29.044,29.044,11.562,11.562,11.562,11.562
290,132,52800,5.28,32.915,32.915,32.915,32.915,5.628,7.979,7.231,7.376,28.963,28.963,28.963,28.963,16.13,16.13,16.13,16.13
291,203,81200,8.12,32.934,32.934,32.934,32.934,5.264,7.987,7.076,7.225,29.044,29.044,29.044,29.044,9.785,9.785,9.785,9.785
292,194,77600,7.76,32.934,32.934,32.934,32.934,5.466,7.973,7.018,7.153,29.044,29.044,29.044,29.044,9.785,9.785,9.785,9.785
293,960,384000,38.4,32.915,32.915,32.915,32.915,5.208,7.998,6.973,7.067,28.963,28.963,28.963,28.963,16.13,16.13,16.13,16.13
294,191,76400,7.64,32.915,32.915,32.915,32.915,5.703,8.0,7.231,7.336,28.963,28.963,28.963,28.963,16.13,16.13,16.13,16.13
295,77,30800,3.08,32.915,32.915,32.915,32.915,5.951,7.944,6.959,6.889,28.963,28.963,28.963,28.963,16.13,16.13,16.13,16.13
296,51,20400,2.04,32.934,32.934,32.934,32.934,6.383,7.972,7.5,7.579,29.044,29.044,29.044,29.044,9.785,9.785,9.785,9.785
297,145,58000,5.8,32.934,32.934,32.934,32.934,5.189,7.954,6.583,6.454,29.044,29.044,29.044,29.044,9.785,9.785,9.785,9.785
298,428,171200,17.12,32.915,32.915,32.915,32.915,5.683,7.993,7.111,7.198,28.963,28.963,28.963,28.963,16.13,16.13,16.13,16.13
299,50,20000,2.0,32.915,32.915,32.915,32.915,6.737,7.991,7.391,7.356,28.963,28.963,28.963,28.963,16.13,16.13,16.13,16.13
300,657,262800,26.28,32.915,32.915,32.915,32.915,4.344,7.997,6.572,6.763,28.963,28.963,28.963,28.963,16.13,16.13,16.13,16.13
301,116,46400,4.64,32.915,32.915,32.915,32.915,4.323,7.968,6.557,6.694,28.963,28.963,28.963,28.963,16.13,16.13,16.13,16.13
302,55,22000,2.2,32.934,32.934,32.934,32.934,5.086,7.993,6.768,6.796,29.044,29.044,29.044,29.044,9.785,9.785,9.785,9.785
303,156,62400,6.24,32.915,32.915,32.915,32.915,5.408,7.964,7.078,7.264,28.963,28.963,28.963,28.963,16.13,16.13,16.13,16.13
304,63,25200,2.52,32.934,32.934,32.934,32.934,7.011,7.994,7.584,7.609,29.044,29.044,29.044,29.044,9.785,9.785,9.785,9.785
305,6353,2541200,254.12,32.915,32.915,32.915,32.915,4.048,7.999,6.264,6.103,28.963,28.963,28.963,28.963,10.883,16.13,13.161,13.253
306,147,58800,5.88,32.915,32.915,32.915,32.915,5.56,7.988,7.173,7.365,28.963,28.963,28.963,28.963,16.13,16.13,16.13,16.13
307,75,30000,3.0,32.915,32.915,32.915,32.915,5.998,8.0,7.1,7.102,28.963,28.963,28.963,28.963,16.13,16.13,16.13,16.13
308,143,57200,5.72,32.934,32.934,32.934,32.934,5.375,7.988,7.129,7.361,29.044,29.044,29.044,29.044,9.785,9.785,9.785,9.785
309,54,21600,2.16,32.915,32.915,32.915,32.915,5.558,7.985,6.806,6.825,28.963,28.963,28.963,28.963,16.13,16.13,16.13,16.13
310,99,39600,3.96,32.915,32.915,32.915,32.915,4.738,7.957,6.618,6.787,28.963,28.963,28.963,28.963,16.13,16.13,16.13,16.13
311,67,26800,2.68,32.934,32.934,32.934,32.934,6.566,7.998,7.616,7.674,29.044,29.044,29.044,29.044,9.785,9.785,9.785,9.785
312,251,100400,10.04,32.915,32.915,32.915,32.915,5.189,7.998,6.769,6.881,28.963,28.963,28.963,28.963,16.13,16.13,16.13,16.13
313,56,22400,2.24,32.934,32.934,32.934,32.934,7.048,7.999,7.631,7.698,29.044,29.044,29.044,29.044,9.785,9.785,9.785,9.785
314,99,39600,3.96,32.915,32.915,32.915,32.915,5.801,7.999,7.473,7.53,28.963,28.963,28.963,28.963,16.13,16.13,16.13,16.13
315,81,32400,3.24,32.915,32.915,32.915,32.915,4.719,7.906,6.502,6.692,28.963,28.963,28.963,28.963,16.13,16.13,16.13,16.13
316,109,43600,4.36,32.934,32.934,32.934,32.934,5.714,7.996,7.429,7.548,29.044,29.044,29.044,29.044,8.557,11.562,10.735,11.562
317,167,66800,6.68,32.934,32.934,32.934,32.934,6.088,7.999,7.453,7.577,29.044,29.044,29.044,29.044,7.402,11.562,9.851,8.557
318,247,98800,9.88,32.934,32.934,32.934,32.934,5.753,7.988,7.382,7.461,29.044,29.044,29.044,29.044,7.402,9.785,8.154,7.402
319,1388,555200,55.52,32.915,32.915,32.915,32.915,4.664,7.996,6.853,6.933,28.963,28.963,28.963,28.963,10.883,16.13,11.079,10.883
320,3369,1347600,134.76,32.915,32.915,32.915,32.915,4.037,7.998,6.56,6.593,28.963,28.963,28.963,28.963,16.74,16.74,16.74,16.74
321,2581,1032400,103.24,32.915,32.915,32.915,32.915,4.216,8.0,6.654,6.645,28.963,28.963,28.963,28.963,13.253,13.253,13.253,13.253
322,165,66000,6.6,32.915,32.915,32.915,32.915,5.326,7.991,7.047,7.093,28.963,28.963,28.963,28.963,16.74,16.74,16.74,16.74
323,1301,520400,52.04,32.915,32.915,32.915,32.915,4.662,7.999,6.761,6.846,28.963,28.963,28.963,28.963,10.883,10.883,10.883,10.883
324,127,50800,5.08,32.934,32.934,32.934,32.934,6.009,7.987,7.31,7.332,29.044,29.044,29.044,29.044,7.402,7.402,7.402,7.402
325,214,85600,8.56,32.915,32.915,32.915,32.915,5.663,8.0,7.213,7.241,28.963,28.963,28.963,28.963,16.74,16.74,16.74,16.74
326,59,23600,2.36,32.934,32.934,32.934,32.934,6.448,7.983,7.574,7.621,29.044,29.044,29.044,29.044,8.557,8.557,8.557,8.557
327,191,76400,7.64,32.915,32.915,32.915,32.915,4.256,7.956,6.102,5.848,28.963,28.963,28.963,28.963,13.253,13.253,13.253,13.253
328,89,35600,3.56,32.915,32.915,32.915,32.915,5.773,7.928,7.057,7.127,28.963,28.963,28.963,28.963,13.253,13.253,13.253,13.253
329,278,111200,11.12,32.915,32.915,32.915,32.915,4.037,7.997,6.253,6.469,28.779,28.963,28.962,28.963,16.74,16.74,16.74,16.74
330,57,22800,2.28,32.915,32.915,32.915,32.915,5.404,7.944,6.645,6.744,28.963,28.963,28.963,28.963,10.883,10.883,10.883,10.883
331,125,50000,5.0,32.915,32.915,32.915,32.915,5.332,7.984,7.194,7.208,28.963,28.963,28.963,28.963,16.74,16.74,16.74,16.74
332,389,155600,15.56,32.915,32.915,32.915,32.915,5.331,7.983,6.902,6.854,28.963,28.963,28.963,28.963,13.253,13.253,13.253,13.253
333,75,30000,3.0,32.915,32.934,32.927,32.934,5.292,7.984,6.814,6.902,28.963,29.044,29.015,29.044,8.557,10.883,9.394,8.557
334,114,45600,4.56,32.915,32.915,32.915,32.915,5.4,7.994,7.107,7.15,28.963,28.963,28.963,28.963,16.74,16.74,16.74,16.74
335,93,37200,3.72,32.915,32.915,32.915,32.915,5.72,7.988,6.989,7.157,28.963,28.963,28.963,28.963,13.253,13.253,13.253,13.253
336,584324,233729600,23372.96,32.866,32.915,32.88,32.868,4.0,8.0,6.312,6.424,28.779,29.135,28.979,29.014,4.46,19.352,12.81,12.257
337,406,162400,16.24,32.915,32.915,32.915,32.915,5.319,7.998,6.988,7.146,28.963,28.963,28.963,28.963,16.74,16.74,16.74,16.74
338,61,24400,2.44,32.915,32.915,32.915,32.915,6.686,7.971,7.445,7.42,28.963,28.963,28.963,28.963,13.253,13.253,13.253,13.253
339,445,178000,17.8,32.915,32.915,32.915,32.915,4.577,7.996,6.977,7.069,28.963,28.963,28.963,28.963,13.253,13.253,13.253,13.253
340,254,101600,10.16,32.915,32.915,32.915,32.915,5.305,7.991,6.719,6.741,28.963,28.963,28.963,28.963,10.883,10.883,10.883,10.883
341,1001,400400,40.04,32.915,32.915,32.915,32.915,4.98,7.998,6.804,6.842,28.963,28.963,28.963,28.963,13.253,13.253,13.253,13.253
342,59,23600,2.36,32.915,32.915,32.915,32.915,6.378,7.99,7.337,7.324,28.963,28.963,28.963,28.963,13.253,13.253,13.253,13.253
343,2829,1131600,113.16,32.915,32.915,32.915,32.915,4.557,7.999,6.611,6.649,28.963,28.963,28.963,28.963,13.253,16.74,16.473,16.74
344,68,27200,2.72,32.915,32.915,32.915,32.915,6.117,7.938,7.117,7.098,28.963,28.963,28.963,28.963,16.74,16.74,16.74,16.74
345,336,134400,13.44,32.915,32.915,32.915,32.915,5.031,7.998,7.042,7.119,28.963,28.963,28.963,28.963,16.74,16.74,16.74,16.74
346,51,20400,2.04,32.915,32.915,32.915,32.915,6.057,7.997,7.264,7.42,28.963,28.963,28.963,28.963,16.74,16.74,16.74,16.74
347,78,31200,3.12,32.915,32.915,32.915,32.915,5.344,7.933,6.998,7.108,28.963,28.963,28.963,28.963,13.253,13.253,13.253,13.253
348,79,31600,3.16,32.915,32.915,32.915,32.915,5.948,7.981,7.121,7.214,28.963,28.963,28.963,28.963,13.253,13.253,13.253,13.253
349,105,42000,4.2,32.915,32.915,32.915,32.915,6.096,7.969,7.126,7.172,28.963,28.963,28.963,28.963,16.74,16.74,16.74,16.74
350,73,29200,2.92,32.915,32.915,32.915,32.915,5.346,7.993,6.887,7.007,28.963,28.963,28.963,28.963,13.253,13.253,13.253,13.253
351,627,250800,25.08,32.915,32.915,32.915,32.915,4.806,7.986,6.879,6.922,28.963,28.963,28.963,28.963,10.883,10.883,10.883,10.883
352,547,218800,21.88,32.915,32.915,32.915,32.915,4.876,7.999,6.705,6.811,28.963,28.963,28.963,28.963,10.883,10.883,10.883,10.883
353,63,25200,2.52,32.915,32.915,32.915,32.915,5.876,7.965,7.243,7.338,28.963,28.963,28.963,28.963,13.253,13.253,13.253,13.253
354,74,29600,2.96,32.915,32.915,32.915,32.915,5.036,7.99,7.093,7.114,28.963,28.963,28.963,28.963,10.883,10.883,10.883,10.883
355,139,55600,5.56,32.915,32.915,32.915,32.915,5.833,7.989,7.141,7.186,28.963,28.963,28.963,28.963,13.253,13.253,13.253,13.253
356,442,176800,17.68,32.915,32.915,32.915,32.915,5.331,7.998,7.09,7.16,28.963,28.963,28.963,28.963,10.883,13.253,11.939,10.883
357,285,114000,11.4,32.915,32.915,32.915,32.915,4.932,7.997,6.743,6.646,28.963,28.963,28.963,28.963,13.253,13.253,13.253,13.253
358,152,60800,6.08,32.915,32.915,32.915,32.915,4.81,7.993,6.795,6.908,28.963,28.963,28.963,28.963,10.883,10.883,10.883,10.883
359,1534,613600,61.36,32.934,32.934,32.934,32.934,4.611,7.995,6.598,6.568,29.044,29.044,29.044,29.044,8.557,8.557,8.557,8.557
360,423,169200,16.92,32.915,32.915,32.915,32.915,5.391,7.995,7.071,7.11,28.963,28.963,28.963,28.963,16.74,16.74,16.74,16.74
361,53,21200,2.12,32.915,32.915,32.915,32.915,5.675,7.962,7.129,7.162,28.963,28.963,28.963,28.963,10.883,10.883,10.883,10.883
362,86,34400,3.44,32.915,32.915,32.915,32.915,5.297,7.999,6.887,6.863,28.963,28.963,28.963,28.963,13.253,13.253,13.253,13.253
363,133,53200,5.32,32.915,32.915,32.915,32.915,4.162,7.955,6.559,6.779,28.963,28.963,28.963,28.963,13.253,13.253,13.253,13.253
364,336,134400,13.44,32.915,32.934,32.922,32.915,4.281,7.993,6.826,6.9,28.963,29.044,28.993,28.963,8.557,10.883,10.024,10.883
365,444,177600,17.76,32.915,32.915,32.915,32.915,5.366,7.994,6.852,6.87,28.963,28.963,28.963,28.963,13.253,13.253,13.253,13.253
366,134,53600,5.36,32.915,32.915,32.915,32.915,5.466,7.984,7.188,7.233,28.963,28.963,28.963,28.963,13.253,13.253,13.253,13.253
367,59,23600,2.36,32.915,32.915,32.915,32.915,6.063,7.998,7.289,7.313,28.963,28.963,28.963,28.963,10.883,10.883,10.883,10.883
368,76,30400,3.04,32.915,32.915,32.915,32.915,5.977,7.986,7.355,7.387,28.963,28.963,28.963,28.963,13.253,13.253,13.253,13.253
369,92,36800,3.68,32.915,32.915,32.915,32.915,5.851,7.999,7.142,7.255,28.963,28.963,28.963,28.963,16.74,16.74,16.74,16.74
370,471,188400,18.84,32.915,32.915,32.915,32.915,5.077,7.994,6.926,6.99,28.963,28.963,28.963,28.963,10.883,13.253,11.436,10.883
371,127,50800,5.08,32.915,32.915,32.915,32.915,5.896,7.999,7.422,7.562,28.963,28.963,28.963,28.963,13.253,13.253,13.253,13.253
372,50,20000,2.0,32.915,32.915,32.915,32.915,6.562,7.986,7.392,7.44,28.963,28.963,28.963,28.963,10.883,10.883,10.883,10.883
373,50,20000,2.0,32.934,32.934,32.934,32.934,5.912,7.993,7.329,7.486,29.044,29.044,29.044,29.044,8.557,8.557,8.557,8.557
374,310,124000,12.4,32.915,32.915,32.915,32.915,5.723,7.998,7.298,7.417,28.963,28.963,28.963,28.963,16.74,16.74,16.74,16.74
375,127,50800,5.08,32.915,32.915,32.915,32.915,5.781,7.995,7.269,7.331,28.963,28.963,28.963,28.963,16.74,16.74,16.74,16.74
376,142,56800,5.68,32.915,32.915,32.915,32.915,5.881,7.983,7.2,7.313,28.963,28.963,28.963,28.963,16.74,16.74,16.74,16.74
377,53,21200,2.12,32.915,32.915,32.915,32.915,5.892,7.994,7.033,7.038,28.963,28.963,28.963,28.963,16.74,16.74,16.74,16.74
378,77,30800,3.08,32.934,32.934,32.934,32.934,6.48,7.999,7.495,7.562,29.044,29.044,29.044,29.044,8.557,8.557,8.557,8.557
379,388,155200,15.52,32.915,32.934,32.919,32.915,4.465,7.988,6.83,6.891,28.963,29.044,28.982,28.963,8.557,10.883,10.349,10.883
380,1787,714800,71.48,32.915,32.915,32.915,32.915,5.239,7.999,6.973,7.095,28.963,28.963,28.963,28.963,9.099,16.74,13.728,13.253
381,249,99600,9.96,32.915,32.915,32.915,32.915,5.312,7.991,6.782,6.794,28.963,28.963,28.963,28.963,13.253,13.253,13.253,13.253
382,298,119200,11.92,32.934,32.934,32.934,32.934,4.95,7.997,6.834,6.931,29.044,29.044,29.044,29.044,8.557,8.557,8.557,8.557
383,80,32000,3.2,32.915,32.915,32.915,32.915,5.448,7.988,7.117,7.211,28.963,28.963,28.963,28.963,16.74,16.74,16.74,16.74
384,117,46800,4.68,32.915,32.915,32.915,32.915,5.415,7.964,7.147,7.211,28.963,28.963,28.963,28.963,9.099,13.253,12.791,13.253
385,58,23200,2.32,32.934,32.934,32.934,32.934,5.883,7.996,6.909,6.873,29.044,29.044,29.044,29.044,7.031,8.557,7.873,8.557
386,909,363600,36.36,32.915,32.915,32.915,32.915,5.172,8.0,6.911,6.998,28.963,28.963,28.963,28.963,12.008,12.008,12.008,12.008
387,69,27600,2.76,32.934,32.934,32.934,32.934,5.889,7.988,7.188,7.223,29.044,29.044,29.044,29.044,7.031,7.031,7.031,7.031
388,64,25600,2.56,32.915,32.915,32.915,32.915,6.968,7.992,7.605,7.632,28.963,28.963,28.963,28.963,9.099,9.099,9.099,9.099
389,114,45600,4.56,32.915,32.915,32.915,32.915,5.442,7.996,7.079,7.184,28.963,28.963,28.963,28.963,9.099,9.099,9.099,9.099
390,57,22800,2.28,32.934,32.934,32.934,32.934,6.23,7.995,7.278,7.356,29.044,29.044,29.044,29.044,7.031,7.031,7.031,7.031
391,52,20800,2.08,32.915,32.915,32.915,32.915,6.73,7.999,7.462,7.598,28.963,28.963,28.963,28.963,9.099,9.099,9.099,9.099
392,218,87200,8.72,32.915,32.915,32.915,32.915,5.629,7.999,7.22,7.365,28.963,28.963,28.963,28.963,9.099,9.099,9.099,9.099
393,59,23600,2.36,32.915,32.915,32.915,32.915,6.477,7.997,7.52,7.637,28.963,28.963,28.963,28.963,7.926,7.926,7.926,7.926
394,265,106000,10.6,32.915,32.915,32.915,32.915,5.517,7.99,7.066,7.124,28.963,28.963,28.963,28.963,12.008,12.008,12.008,12.008
395,114,45600,4.56,32.915,32.915,32.915,32.915,5.938,7.996,7.302,7.374,28.963,28.963,28.963,28.963,9.099,9.099,9.099,9.099
396,72,28800,2.88,32.915,32.915,32.915,32.915,6.923,7.972,7.563,7.616,28.963,28.963,28.963,28.963,9.099,12.008,11.725,12.008
397,82,32800,3.28,32.934,32.934,32.934,32.934,5.761,7.992,7.161,7.276,29.044,29.044,29.044,29.044,7.031,7.031,7.031,7.031
398,163,65200,6.52,32.915,32.915,32.915,32.915,5.438,7.957,6.83,6.838,28.963,28.963,28.963,28.963,12.008,12.008,12.008,12.008
399,438,175200,17.52,32.915,32.915,32.915,32.915,5.554,7.998,7.101,7.17,28.963,28.963,28.963,28.963,12.008,12.008,12.008,12.008
400,139,55600,5.56,32.934,32.934,32.934,32.934,4.895,7.98,6.826,6.852,29.044,29.044,29.044,29.044,7.031,7.031,7.031,7.031
401,159,63600,6.36,32.915,32.915,32.915,32.915,5.581,7.998,7.12,7.128,28.963,28.963,28.963,28.963,12.008,12.008,12.008,12.008
402,170,68000,6.8,32.915,32.915,32.915,32.915,4.978,7.984,6.575,6.602,28.963,28.963,28.963,28.963,12.008,12.008,12.008,12.008
403,123,49200,4.92,32.934,32.934,32.934,32.934,5.216,7.987,7.094,7.291,29.044,29.044,29.044,29.044,7.031,7.031,7.031,7.031
404,84,33600,3.36,32.915,32.934,32.919,32.915,5.562,7.98,6.872,6.878,28.963,29.044,28.981,28.963,7.031,7.926,7.702,7.926
405,100,40000,4.0,32.915,32.915,32.915,32.915,5.89,7.987,7.142,7.181,28.963,28.963,28.963,28.963,9.099,9.099,9.099,9.099
406,107,42800,4.28,32.915,32.915,32.915,32.915,6.587,7.933,7.227,7.188,28.779,28.963,28.881,28.963,12.008,19.352,15.303,12.008
407,212,84800,8.48,32.915,32.915,32.915,32.915,5.837,7.999,7.332,7.43,28.963,28.963,28.963,28.963,7.926,7.926,7.926,7.926
408,72,28800,2.88,32.915,32.915,32.915,32.915,5.995,8.0,6.886,6.83,28.963,28.963,28.963,28.963,7.926,7.926,7.926,7.926
409,363,145200,14.52,32.915,32.915,32.915,32.915,4.395,7.988,6.489,6.476,28.963,28.963,28.963,28.963,9.099,12.008,11.984,12.008
410,115,46000,4.6,32.889,32.915,32.9,32.889,4.001,4.985,4.361,4.328,28.779,28.926,28.866,28.926,13.702,19.352,16.011,13.702
411,73,29200,2.92,32.889,32.889,32.889,32.889,4.078,6.09,4.651,4.633,28.926,28.926,28.926,28.926,13.702,13.702,13.702,13.702
412,437,174800,17.48,32.89,32.89,32.89,32.89,5.268,7.982,6.826,6.914,29.093,29.093,29.093,29.093,9.216,9.216,9.216,9.216
413,50,20000,2.0,32.889,32.889,32.889,32.889,4.009,5.148,4.299,4.184,28.926,28.926,28.926,28.926,13.702,13.702,13.702,13.702
414,58,23200,2.32,32.89,32.89,32.89,32.89,6.625,7.938,7.413,7.428,29.093,29.093,29.093,29.093,9.216,9.216,9.216,9.216
415,71,28400,2.84,32.889,32.889,32.889,32.889,4.992,7.96,6.702,6.679,28.926,28.926,28.926,28.926,13.702,13.702,13.702,13.702
416,90,36000,3.6,32.89,32.89,32.89,32.89,5.55,7.972,7.065,7.252,29.093,29.093,29.093,29.093,5.974,5.974,5.974,5.974
417,55,22000,2.2,32.89,32.89,32.89,32.89,5.666,7.995,6.821,6.722,29.093,29.093,29.093,29.093,5.974,5.974,5.974,5.974
418,58,23200,2.32,32.89,32.89,32.89,32.89,5.348,7.892,6.629,6.646,29.093,29.093,29.093,29.093,7.234,7.234,7.234,7.234
419,84,33600,3.36,32.89,32.89,32.89,32.89,6.554,7.97,7.516,7.584,29.093,29.093,29.093,29.093,9.216,9.216,9.216,9.216
420,221,88400,8.84,32.89,32.89,32.89,32.89,5.357,7.995,6.729,6.767,29.093,29.093,29.093,29.093,5.974,5.974,5.974,5.974
421,571,228400,22.84,32.89,32.89,32.89,32.89,4.664,7.999,6.817,6.863,29.093,29.093,29.093,29.093,7.234,9.216,8.824,9.216
422,103,41200,4.12,32.89,32.89,32.89,32.89,4.604,7.953,6.601,6.71,29.093,29.093,29.093,29.093,9.216,9.216,9.216,9.216
423,116,46400,4.64,32.89,32.89,32.89,32.89,5.505,7.983,7.134,7.272,29.093,29.093,29.093,29.093,5.974,5.974,5.974,5.974
424,71,28400,2.84,32.89,32.89,32.89,32.89,5.976,7.941,7.18,7.333,29.093,29.093,29.093,29.093,9.216,9.216,9.216,9.216
425,401,160400,16.04,32.89,32.89,32.89,32.89,5.622,8.0,7.194,7.32,29.093,29.093,29.093,29.093,9.216,9.216,9.216,9.216
426,160,64000,6.4,32.89,32.89,32.89,32.89,6.684,7.999,7.481,7.506,29.093,29.093,29.093,29.093,9.216,9.216,9.216,9.216
427,52,20800,2.08,32.89,32.89,32.89,32.89,6.344,7.995,7.39,7.517,29.093,29.093,29.093,29.093,9.216,9.216,9.216,9.216
428,183,73200,7.32,32.89,32.89,32.89,32.89,5.987,7.994,7.282,7.401,29.093,29.093,29.093,29.093,7.435,9.216,8.982,9.216
429,64,25600,2.56,32.89,32.89,32.89,32.89,6.355,7.97,7.26,7.343,29.093,29.093,29.093,29.093,5.844,5.844,5.844,5.844
430,150,60000,6.0,32.89,32.89,32.89,32.89,6.869,7.994,7.607,7.648,29.093,29.093,29.093,29.093,7.435,7.435,7.435,7.435
431,76,30400,3.04,32.89,32.89,32.89,32.89,6.358,7.957,7.267,7.297,29.093,29.093,29.093,29.093,5.844,5.844,5.844,5.844
432,64,25600,2.56,32.89,32.89,32.89,32.89,6.598,7.858,7.242,7.247,29.093,29.093,29.093,29.093,7.435,7.435,7.435,7.435
433,192,76800,7.68,32.89,32.89,32.89,32.89,5.679,7.996,7.327,7.4,29.093,29.093,29.093,29.093,7.435,7.435,7.435,7.435
434,104,41600,4.16,32.89,32.89,32.89,32.89,6.049,7.963,7.355,7.407,29.093,29.093,29.093,29.093,7.435,7.435,7.435,7.435
435,322,128800,12.88,32.89,32.89,32.89,32.89,6.195,7.998,7.207,7.228,29.093,29.093,29.093,29.093,7.435,7.435,7.435,7.435
436,60,24000,2.4,32.889,32.889,32.889,32.889,4.138,7.811,5.448,5.304,28.926,28.926,28.926,28.926,19.211,19.211,19.211,19.211
437,136,54400,5.44,32.889,32.89,32.89,32.89,6.227,7.98,7.233,7.245,28.926,29.093,29.082,29.093,7.435,11.719,7.719,7.435
438,74,29600,2.96,32.89,32.89,32.89,32.89,6.486,7.999,7.401,7.458,29.093,29.093,29.093,29.093,7.435,7.435,7.435,7.435
439,132,52800,5.28,32.89,32.89,32.89,32.89,6.118,7.999,7.332,7.386,29.093,29.093,29.093,29.093,7.435,7.435,7.435,7.435
440,75,30000,3.0,32.889,32.889,32.889,32.889,5.54,7.978,6.857,6.735,28.926,28.926,28.926,28.926,19.211,19.211,19.211,19.211
441,511,204400,20.44,32.889,32.889,32.889,32.889,5.478,7.996,6.958,6.972,28.926,28.926,28.926,28.926,19.211,19.211,19.211,19.211
442,409,163600,16.36,32.889,32.889,32.889,32.889,4.0,7.999,5.726,5.577,28.926,28.926,28.926,28.926,19.211,19.211,19.211,19.211
443,852,340800,34.08,32.89,32.89,32.89,32.89,6.143,7.998,7.484,7.541,29.093,29.093,29.093,29.093,7.435,7.435,7.435,7.435
444,96,38400,3.84,32.889,32.889,32.889,32.889,5.77,7.988,6.999,7.066,28.926,28.926,28.926,28.926,19.211,19.211,19.211,19.211
445,229,91600,9.16,32.89,32.89,32.89,32.89,6.449,8.0,7.359,7.393,29.093,29.093,29.093,29.093,7.435,7.435,7.435,7.435
446,174,69600,6.96,32.89,32.89,32.89,32.89,6.589,8.0,7.598,7.688,29.093,29.093,29.093,29.093,7.435,7.435,7.435,7.435
447,168,67200,6.72,32.889,32.889,32.889,32.889,4.013,7.999,6.141,5.943,28.926,28.926,28.926,28.926,19.211,19.211,19.211,19.211
448,64,25600,2.56,32.889,32.889,32.889,32.889,6.034,7.995,7.211,7.138,28.926,28.926,28.926,28.926,19.211,19.211,19.211,19.211
449,162,64800,6.48,32.889,32.889,32.889,32.889,5.919,7.994,7.096,7.144,28.926,28.926,28.926,28.926,19.211,19.211,19.211,19.211
450,55,22000,2.2,32.889,32.889,32.889,32.889,5.628,7.851,6.771,6.633,28.926,28.926,28.926,28.926,19.211,19.211,19.211,19.211
451,59,23600,2.36,32.89,32.89,32.89,32.89,6.905,8.0,7.598,7.659,29.093,29.093,29.093,29.093,7.435,7.435,7.435,7.435
452,71,28400,2.84,32.889,32.889,32.889,32.889,5.999,7.975,7.329,7.381,28.926,28.926,28.926,28.926,19.211,19.211,19.211,19.211
453,228,91200,9.12,32.89,32.89,32.89,32.89,6.639,7.993,7.406,7.394,29.093,29.093,29.093,29.093,7.435,7.435,7.435,7.435
454,172,68800,6.88,32.89,32.89,32.89,32.89,6.868,7.996,7.652,7.675,29.093,29.093,29.093,29.093,7.435,7.435,7.435,7.435
455,2589,1035600,103.56,32.89,32.89,32.89,32.89,5.75,7.999,7.314,7.332,29.093,29.093,29.093,29.093,6.484,7.435,6.879,6.484
456,75,30000,3.0,32.889,32.889,32.889,32.889,6.295,7.998,7.406,7.493,28.926,28.926,28.926,28.926,19.211,19.211,19.211,19.211
457,446,178400,17.84,32.889,32.89,32.889,32.889,5.575,7.999,7.234,7.315,28.926,29.093,28.959,28.926,7.435,11.719,10.874,11.719
458,85,34000,3.4,32.89,32.89,32.89,32.89,6.315,7.995,7.409,7.476,29.093,29.093,29.093,29.093,7.435,7.435,7.435,7.435
459,54,21600,2.16,32.89,32.89,32.89,32.89,6.942,7.992,7.597,7.634,29.093,29.093,29.093,29.093,7.435,7.435,7.435,7.435
460,156,62400,6.24,32.89,32.89,32.89,32.89,6.394,8.0,7.587,7.61,29.093,29.093,29.093,29.093,6.484,7.435,7.173,7.435
461,50,20000,2.0,32.89,32.89,32.89,32.89,6.592,7.942,7.273,7.321,29.093,29.093,29.093,29.093,6.484,7.435,6.579,6.484
462,100,40000,4.0,32.89,32.89,32.89,32.89,6.529,7.994,7.354,7.308,29.093,29.093,29.093,29.093,6.484,6.484,6.484,6.484
463,203,81200,8.12,32.889,32.889,32.889,32.889,5.561,8.0,7.528,7.69,28.926,28.926,28.926,28.926,16.88,16.88,16.88,16.88
464,940,376000,37.6,32.89,32.89,32.89,32.89,6.298,7.998,7.361,7.374,29.093,29.093,29.093,29.093,6.484,6.484,6.484,6.484
465,318,127200,12.72,32.889,32.889,32.889,32.889,6.253,7.998,7.371,7.493,28.926,28.926,28.926,28.926,16.88,16.88,16.88,16.88
466,137,54800,5.48,32.889,32.889,32.889,32.889,6.218,7.97,7.355,7.365,28.926,28.926,28.926,28.926,16.88,16.88,16.88,16.88
467,403,161200,16.12,32.89,32.89,32.89,32.89,5.799,7.999,7.197,7.238,29.093,29.093,29.093,29.093,5.212,6.484,6.27,6.484
468,61,24400,2.44,32.89,32.89,32.89,32.89,6.32,7.996,7.394,7.393,29.093,29.093,29.093,29.093,6.484,6.484,6.484,6.484
469,64,25600,2.56,32.89,32.89,32.89,32.89,6.784,7.999,7.485,7.482,29.093,29.093,29.093,29.093,6.484,6.484,6.484,6.484
470,56,22400,2.24,32.889,32.889,32.889,32.889,5.403,7.953,6.695,6.639,28.926,28.926,28.926,28.926,16.88,16.88,16.88,16.88
471,63,25200,2.52,32.89,32.89,32.89,32.89,6.667,7.976,7.355,7.399,29.093,29.093,29.093,29.093,6.484,6.484,6.484,6.484
472,80,32000,3.2,32.89,32.89,32.89,32.89,6.706,7.985,7.498,7.493,29.093,29.093,29.093,29.093,6.484,6.484,6.484,6.484
473,243,97200,9.72,32.889,32.889,32.889,32.889,5.399,7.984,6.92,6.967,28.926,28.926,28.926,28.926,16.88,16.88,16.88,16.88
474,83,33200,3.32,32.89,32.89,32.89,32.89,6.451,7.981,7.235,7.287,29.093,29.093,29.093,29.093,5.212,5.212,5.212,5.212
475,66,26400,2.64,32.889,32.889,32.889,32.889,6.618,7.984,7.411,7.476,28.926,28.926,28.926,28.926,8.94,8.94,8.94,8.94
476,130,52000,5.2,32.889,32.889,32.889,32.889,6.363,7.979,7.571,7.641,28.926,28.926,28.926,28.926,16.88,16.88,16.88,16.88
477,80,32000,3.2,32.89,32.89,32.89,32.89,5.623,7.958,6.982,7.099,29.093,29.093,29.093,29.093,5.212,5.212,5.212,5.212
478,142,56800,5.68,32.89,32.89,32.89,32.89,6.661,7.996,7.444,7.442,29.093,29.093,29.093,29.093,6.484,6.484,6.484,6.484
479,52,20800,2.08,32.89,32.89,32.89,32.89,6.556,7.997,7.304,7.271,29.093,29.093,29.093,29.093,6.484,6.484,6.484,6.484
480,130,52000,5.2,32.889,32.889,32.889,32.889,5.564,7.997,7.19,7.301,28.926,28.926,28.926,28.926,16.88,16.88,16.88,16.88
481,63,25200,2.52,32.889,32.889,32.889,32.889,6.753,7.927,7.487,7.527,28.926,28.926,28.926,28.926,8.94,8.94,8.94,8.94
482,381,152400,15.24,32.89,32.89,32.89,32.89,4.825,7.998,6.913,6.927,29.093,29.093,29.093,29.093,5.212,6.484,5.943,6.484
483,595,238000,23.8,32.889,32.889,32.889,32.889,5.132,7.998,7.333,7.406,28.926,28.926,28.926,28.926,16.88,16.88,16.88,16.88
484,52,20800,2.08,32.89,32.89,32.89,32.89,6.926,7.993,7.619,7.67,29.093,29.093,29.093,29.093,6.484,6.484,6.484,6.484
485,91,36400,3.64,32.889,32.889,32.889,32.889,6.581,7.989,7.463,7.445,28.926,28.926,28.926,28.926,8.94,8.94,8.94,8.94
486,559,223600,22.36,32.89,32.89,32.89,32.89,5.048,7.999,6.988,7.073,29.093,29.093,29.093,29.093,5.212,6.484,5.861,6.484
487,174,69600,6.96,32.889,32.889,32.889,32.889,6.09,7.993,7.34,7.391,28.926,28.926,28.926,28.926,8.94,8.94,8.94,8.94
488,61,24400,2.44,32.89,32.89,32.89,32.89,5.092,7.829,6.442,6.411,29.093,29.093,29.093,29.093,5.212,5.212,5.212,5.212
489,193,77200,7.72,32.889,32.889,32.889,32.889,6.358,7.993,7.4,7.434,28.926,28.926,28.926,28.926,16.88,16.88,16.88,16.88
490,96,38400,3.84,32.889,32.889,32.889,32.889,5.607,7.935,7.261,7.296,28.926,28.926,28.926,28.926,16.88,16.88,16.88,16.88
491,619,247600,24.76,32.89,32.89,32.89,32.89,5.939,8.0,7.387,7.464,29.093,29.093,29.093,29.093,6.484,6.484,6.484,6.484
492,54,21600,2.16,32.89,32.89,32.89,32.89,6.475,7.985,7.306,7.279,29.093,29.093,29.093,29.093,6.484,6.484,6.484,6.484
493,191,76400,7.64,32.89,32.89,32.89,32.89,6.121,7.999,7.466,7.566,29.093,29.093,29.093,29.093,6.484,6.484,6.484,6.484
494,56,22400,2.24,32.889,32.889,32.889,32.889,6.692,7.984,7.584,7.68,28.926,28.926,28.926,28.926,8.94,8.94,8.94,8.94
495,50,20000,2.0,32.89,32.89,32.89,32.89,5.294,7.933,6.622,6.499,29.093,29.093,29.093,29.093,5.212,5.212,5.212,5.212
496,75,30000,3.0,32.89,32.89,32.89,32.89,6.829,7.981,7.627,7.687,29.093,29.093,29.093,29.093,6.484,6.484,6.484,6.484
497,623,249200,24.92,32.868,32.89,32.878,32.868,5.596,7.994,7.21,7.262,29.093,29.135,29.116,29.135,5.212,6.484,5.301,5.265
498,70,28000,2.8,32.89,32.89,32.89,32.89,7.251,7.999,7.711,7.738,29.093,29.093,29.093,29.093,6.484,6.484,6.484,6.484
499,89,35600,3.56,32.868,32.889,32.889,32.889,6.72,7.983,7.549,7.606,28.926,29.014,28.927,28.926,7.821,8.94,8.927,8.94
500,54,21600,2.16,32.868,32.89,32.888,32.89,7.069,7.999,7.757,7.796,29.093,29.135,29.096,29.093,6.484,6.614,6.494,6.484
501,115,46000,4.6,32.868,32.89,32.878,32.868,6.99,8.0,7.657,7.682,29.093,29.135,29.116,29.135,6.484,6.614,6.553,6.614
502,55,22000,2.2,32.868,32.89,32.878,32.868,7.107,7.996,7.657,7.681,29.093,29.135,29.115,29.135,6.484,6.614,6.553,6.614
503,113,45200,4.52,32.868,32.889,32.868,32.868,6.699,7.997,7.443,7.453,28.926,29.014,29.012,29.014,7.821,8.94,7.851,7.821
504,61,24400,2.44,32.868,32.868,32.868,32.868,6.587,7.993,7.436,7.554,29.014,29.014,29.014,29.014,12.257,12.257,12.257,12.257
505,59,23600,2.36,32.868,32.868,32.868,32.868,7.235,7.987,7.688,7.727,29.014,29.014,29.014,29.014,7.821,7.821,7.821,7.821
506,473,189200,18.92,32.868,32.868,32.868,32.868,6.771,7.998,7.572,7.63,29.014,29.014,29.014,29.014,7.821,7.821,7.821,7.821
507,825,330000,33.0,32.868,32.868,32.868,32.868,6.226,8.0,7.439,7.495,29.135,29.135,29.135,29.135,6.614,6.614,6.614,6.614
508,60,24000,2.4,32.868,32.868,32.868,32.868,6.987,7.989,7.666,7.706,29.014,29.014,29.014,29.014,12.257,12.257,12.257,12.257
509,70,28000,2.8,32.868,32.868,32.868,32.868,7.138,7.986,7.668,7.679,29.135,29.135,29.135,29.135,5.265,5.265,5.265,5.265
510,147,58800,5.88,32.868,32.868,32.868,32.868,6.129,7.991,7.452,7.571,29.135,29.135,29.135,29.135,5.265,5.265,5.265,5.265
511,59,23600,2.36,32.868,32.868,32.868,32.868,6.695,7.983,7.442,7.459,29.014,29.014,29.014,29.014,7.821,7.821,7.821,7.821
512,86,34400,3.44,32.868,32.868,32.868,32.868,6.284,7.984,7.221,7.25,29.135,29.135,29.135,29.135,6.614,6.614,6.614,6.614
513,65,26000,2.6,32.868,32.868,32.868,32.868,6.513,7.994,7.642,7.681,29.135,29.135,29.135,29.135,5.265,5.265,5.265,5.265
514,111,44400,4.44,32.868,32.868,32.868,32.868,6.235,7.997,7.466,7.477,29.135,29.135,29.135,29.135,5.265,5.265,5.265,5.265
515,96,38400,3.84,32.868,32.868,32.868,32.868,5.869,7.984,7.087,7.077,29.014,29.014,29.014,29.014,12.257,12.257,12.257,12.257
516,99,39600,3.96,32.868,32.868,32.868,32.868,6.393,7.98,7.349,7.423,29.135,29.135,29.135,29.135,6.614,6.614,6.614,6.614
517,51,20400,2.04,32.868,32.868,32.868,32.868,6.303,7.975,7.2,7.218,29.135,29.135,29.135,29.135,6.614,6.614,6.614,6.614
518,63,25200,2.52,32.868,32.868,32.868,32.868,5.827,7.992,7.18,7.227,29.014,29.014,29.014,29.014,12.257,12.257,12.257,12.257
519,61,24400,2.44,32.868,32.868,32.868,32.868,5.626,7.997,7.191,7.233,29.014,29.014,29.014,29.014,12.257,12.257,12.257,12.257
520,264,105600,10.56,32.868,32.868,32.868,32.868,5.707,7.99,7.015,7.033,29.014,29.014,29.014,29.014,12.257,12.257,12.257,12.257
521,91,36400,3.64,32.868,32.868,32.868,32.868,6.378,7.998,7.189,7.111,29.135,29.135,29.135,29.135,5.265,6.614,6.229,6.614
522,65,26000,2.6,32.868,32.868,32.868,32.868,6.424,7.991,7.392,7.411,29.014,29.014,29.014,29.014,12.257,12.257,12.257,12.257
523,160,64000,6.4,32.868,32.868,32.868,32.868,6.42,7.995,7.446,7.487,29.014,29.014,29.014,29.014,7.821,12.257,10.483,12.257
524,101,40400,4.04,32.868,32.868,32.868,32.868,4.86,7.95,6.849,7.061,29.014,29.014,29.014,29.014,12.257,12.257,12.257,12.257
525,84,33600,3.36,32.868,32.868,32.868,32.868,5.808,7.981,7.098,7.198,29.014,29.014,29.014,29.014,12.257,12.257,12.257,12.257
526,87,34800,3.48,32.868,32.868,32.868,32.868,6.452,7.967,7.438,7.519,29.135,29.135,29.135,29.135,6.614,6.614,6.614,6.614
527,59,23600,2.36,32.868,32.868,32.868,32.868,6.075,7.988,7.134,7.168,29.135,29.135,29.135,29.135,6.614,6.614,6.614,6.614
528,50,20000,2.0,32.868,32.868,32.868,32.868,5.532,7.99,6.627,6.578,29.014,29.014,29.014,29.014,12.257,12.257,12.257,12.257
529,56,22400,2.24,32.868,32.868,32.868,32.868,5.692,7.926,7.2,7.314,29.014,29.014,29.014,29.014,12.257,12.257,12.257,12.257
530,399,159600,15.96,32.868,32.868,32.868,32.868,6.227,7.992,7.176,7.154,29.135,29.135,29.135,29.135,6.178,6.614,6.562,6.614
531,133,53200,5.32,32.868,32.868,32.868,32.868,6.626,7.999,7.421,7.472,29.135,29.135,29.135,29.135,6.614,6.614,6.614,6.614
532,63,25200,2.52,32.868,32.868,32.868,32.868,5.435,7.943,6.725,6.715,29.014,29.014,29.014,29.014,12.257,12.257,12.257,12.257
533,284,113600,11.36,32.868,32.868,32.868,32.868,4.378,7.987,6.888,6.985,29.014,29.014,29.014,29.014,11.768,12.257,12.115,12.257
534,52,20800,2.08,32.868,32.868,32.868,32.868,6.95,7.986,7.572,7.572,29.135,29.135,29.135,29.135,6.178,6.614,6.413,6.614
535,2965,1186000,118.6,32.868,32.868,32.868,32.868,6.205,8.0,7.345,7.362,29.135,29.135,29.135,29.135,6.178,6.614,6.179,6.178
536,61,24400,2.44,32.868,32.868,32.868,32.868,6.505,7.996,7.176,7.12,29.135,29.135,29.135,29.135,5.265,5.272,5.272,5.272
537,55,22000,2.2,32.868,32.868,32.868,32.868,6.448,7.991,7.378,7.452,29.135,29.135,29.135,29.135,6.178,6.178,6.178,6.178
538,50,20000,2.0,32.868,32.868,32.868,32.868,6.283,7.941,7.104,7.06,29.135,29.135,29.135,29.135,5.272,6.178,5.761,6.178
539,200,80000,8.0,32.868,32.868,32.868,32.868,6.321,7.994,7.357,7.411,29.135,29.135,29.135,29.135,6.178,6.178,6.178,6.178
540,155,62000,6.2,32.868,32.868,32.868,32.868,6.534,7.99,7.473,7.528,29.135,29.135,29.135,29.135,6.178,6.178,6.178,6.178
541,69,27600,2.76,32.868,32.868,32.868,32.868,6.373,7.996,7.111,7.035,29.014,29.014,29.014,29.014,11.768,11.768,11.768,11.768
542,76,30400,3.04,32.868,32.868,32.868,32.868,6.773,7.984,7.504,7.573,29.014,29.014,29.014,29.014,8.312,8.312,8.312,8.312
543,50,20000,2.0,32.868,32.868,32.868,32.868,6.695,7.955,7.56,7.605,29.135,29.135,29.135,29.135,6.178,6.178,6.178,6.178
544,63,25200,2.52,32.868,32.868,32.868,32.868,6.594,7.995,7.504,7.548,29.135,29.135,29.135,29.135,6.178,6.178,6.178,6.178
545,282,112800,11.28,32.868,32.868,32.868,32.868,5.453,7.996,7.019,7.1,29.135,29.135,29.135,29.135,6.178,6.178,6.178,6.178
546,1694,677600,67.76,32.868,32.868,32.868,32.868,5.523,7.998,7.286,7.362,29.135,29.135,29.135,29.135,5.272,6.178,6.162,6.178
547,71,28400,2.84,32.868,32.868,32.868,32.868,5.771,7.984,7.314,7.382,29.135,29.135,29.135,29.135,5.272,5.272,5.272,5.272
548,53,21200,2.12,32.868,32.868,32.868,32.868,6.356,7.989,7.384,7.439,29.135,29.135,29.135,29.135,6.178,6.178,6.178,6.178
549,846,338400,33.84,32.868,32.868,32.868,32.868,5.555,7.999,7.366,7.432,29.135,29.135,29.135,29.135,6.178,6.178,6.178,6.178
550,74,29600,2.96,32.868,32.868,32.868,32.868,5.725,7.946,7.165,7.331,29.135,29.135,29.135,29.135,6.178,6.178,6.178,6.178
551,617,246800,24.68,32.868,32.868,32.868,32.868,5.585,7.999,6.981,7.002,29.014,29.014,29.014,29.014,8.312,8.312,8.312,8.312
552,175,70000,7.0,32.868,32.868,32.868,32.868,6.328,7.982,7.415,7.42,29.135,29.135,29.135,29.135,6.178,6.178,6.178,6.178
553,166,66400,6.64,32.868,32.868,32.868,32.868,6.692,7.983,7.592,7.629,29.135,29.135,29.135,29.135,6.178,6.178,6.178,6.178
554,499,199600,19.96,32.868,32.868,32.868,32.868,4.121,7.994,6.679,6.731,29.014,29.014,29.014,29.014,8.312,11.768,8.54,8.312
555,95,38000,3.8,32.868,32.868,32.868,32.868,6.554,7.971,7.406,7.459,29.014,29.014,29.014,29.014,8.312,8.312,8.312,8.312
556,290,116000,11.6,32.868,32.868,32.868,32.868,6.566,8.0,7.559,7.626,29.135,29.135,29.135,29.135,6.178,6.178,6.178,6.178
557,198,79200,7.92,32.868,32.868,32.868,32.868,6.109,7.999,7.232,7.252,29.014,29.014,29.014,29.014,8.312,8.312,8.312,8.312
558,176,70400,7.04,32.868,32.868,32.868,32.868,5.731,7.971,7.171,7.239,29.014,29.014,29.014,29.014,8.312,8.312,8.312,8.312
559,30960,12384000,1238.4,32.86,32.868,32.867,32.868,4.888,8.0,7.043,7.064,29.014,29.149,29.04,29.014,4.3,10.787,6.563,6.666
560,87,34800,3.48,32.868,32.868,32.868,32.868,6.798,7.985,7.481,7.476,29.135,29.135,29.135,29.135,6.178,6.178,6.178,6.178
561,116,46400,4.64,32.868,32.868,32.868,32.868,6.959,7.989,7.485,7.479,29.135,29.135,29.135,29.135,6.178,6.178,6.178,6.178
562,127,50800,5.08,32.868,32.868,32.868,32.868,5.899,7.997,7.453,7.549,29.014,29.014,29.014,29.014,8.312,8.312,8.312,8.312
563,198,79200,7.92,32.868,32.868,32.868,32.868,6.416,7.969,7.318,7.388,29.135,29.135,29.135,29.135,5.232,6.178,5.958,6.178
564,139,55600,5.56,32.868,32.868,32.868,32.868,6.365,7.982,7.33,7.343,29.135,29.135,29.135,29.135,5.232,6.178,5.688,5.232
565,53,21200,2.12,32.868,32.868,32.868,32.868,6.54,7.981,7.323,7.327,29.014,29.014,29.014,29.014,6.666,8.312,7.722,8.312
566,545,218000,21.8,32.868,32.868,32.868,32.868,6.018,7.998,7.269,7.293,29.014,29.014,29.014,29.014,6.666,8.312,6.699,6.666
567,160,64000,6.4,32.868,32.868,32.868,32.868,5.965,8.0,7.442,7.522,29.135,29.135,29.135,29.135,5.232,6.178,5.315,5.232
568,56,22400,2.24,32.868,32.868,32.868,32.868,6.583,7.967,7.3,7.308,29.135,29.135,29.135,29.135,5.232,5.232,5.232,5.232
569,51,20400,2.04,32.868,32.868,32.868,32.868,6.768,7.989,7.447,7.463,29.135,29.135,29.135,29.135,5.232,5.232,5.232,5.232
570,8669,3467600,346.76,32.868,32.868,32.868,32.868,4.912,8.0,7.169,7.179,29.014,29.135,29.086,29.135,5.232,6.666,5.811,5.232
571,50,20000,2.0,32.868,32.868,32.868,32.868,4.046,5.39,4.71,4.739,29.014,29.014,29.014,29.014,17.128,17.128,17.128,17.128
572,110,44000,4.4,32.868,32.868,32.868,32.868,6.412,7.998,7.474,7.542,29.135,29.135,29.135,29.135,5.232,5.232,5.232,5.232
573,84,33600,3.36,32.868,32.868,32.868,32.868,5.438,7.955,6.628,6.624,29.014,29.014,29.014,29.014,10.787,10.787,10.787,10.787
574,66,26400,2.64,32.868,32.868,32.868,32.868,6.578,7.989,7.413,7.47,29.014,29.014,29.014,29.014,6.666,6.666,6.666,6.666
575,86,34400,3.44,32.868,32.868,32.868,32.868,6.603,7.986,7.506,7.536,29.135,29.135,29.135,29.135,5.232,5.232,5.232,5.232
576,53,21200,2.12,32.868,32.868,32.868,32.868,6.526,7.994,7.475,7.502,29.135,29.135,29.135,29.135,5.232,5.232,5.232,5.232
577,307,122800,12.28,32.868,32.868,32.868,32.868,6.401,8.0,7.46,7.501,29.135,29.135,29.135,29.135,5.232,5.232,5.232,5.232
578,337,134800,13.48,32.868,32.868,32.868,32.868,6.362,7.993,7.423,7.524,29.135,29.135,29.135,29.135,5.232,5.232,5.232,5.232
579,86,34400,3.44,32.868,32.868,32.868,32.868,6.876,7.987,7.535,7.575,29.135,29.135,29.135,29.135,5.232,5.232,5.232,5.232
580,412,164800,16.48,32.868,32.868,32.868,32.868,6.193,7.998,7.316,7.312,29.014,29.014,29.014,29.014,6.666,6.666,6.666,6.666
581,65,26000,2.6,32.868,32.868,32.868,32.868,6.534,7.997,7.346,7.261,29.014,29.014,29.014,29.014,6.666,6.666,6.666,6.666
582,67,26800,2.68,32.868,32.868,32.868,32.868,6.94,7.96,7.549,7.573,29.014,29.014,29.014,29.014,6.666,6.666,6.666,6.666
583,63,25200,2.52,32.868,32.868,32.868,32.868,6.957,7.991,7.565,7.603,29.135,29.135,29.135,29.135,5.232,5.232,5.232,5.232
584,67,26800,2.68,32.868,32.868,32.868,32.868,6.585,7.946,7.436,7.481,29.014,29.014,29.014,29.014,6.666,6.666,6.666,6.666
585,106,42400,4.24,32.868,32.868,32.868,32.868,6.744,7.984,7.523,7.618,29.135,29.135,29.135,29.135,5.232,5.232,5.232,5.232
586,102,40800,4.08,32.868,32.868,32.868,32.868,6.554,7.999,7.516,7.569,29.014,29.014,29.014,29.014,10.787,10.787,10.787,10.787
587,682,272800,27.28,32.86,32.868,32.867,32.868,6.273,7.997,7.28,7.285,29.135,29.149,29.137,29.135,4.3,5.232,5.09,5.232
588,77,30800,3.08,32.868,32.868,32.868,32.868,6.228,7.992,7.366,7.367,29.014,29.014,29.014,29.014,10.787,10.787,10.787,10.787
589,80,32000,3.2,32.868,32.868,32.868,32.868,5.442,7.992,7.216,7.286,29.014,29.014,29.014,29.014,6.666,6.666,6.666,6.666
590,327,130800,13.08,32.866,32.868,32.868,32.868,6.254,7.999,7.278,7.291,29.014,29.073,29.016,29.014,6.051,6.666,6.647,6.666
591,159,63600,6.36,32.868,32.868,32.868,32.868,6.772,7.987,7.594,7.615,29.014,29.014,29.014,29.014,10.787,10.787,10.787,10.787
592,54,21600,2.16,32.868,32.868,32.868,32.868,6.783,7.995,7.672,7.72,29.014,29.014,29.014,29.014,10.787,10.787,10.787,10.787
593,1280,512000,51.2,32.86,32.868,32.861,32.86,6.304,7.999,7.236,7.188,29.135,29.149,29.148,29.149,4.3,5.232,4.347,4.3
594,92,36800,3.68,32.866,32.868,32.867,32.866,6.299,7.999,7.011,6.913,29.014,29.073,29.047,29.073,6.051,6.666,6.325,6.051
595,278,111200,11.12,32.866,32.868,32.866,32.866,5.773,7.999,7.231,7.273,29.014,29.073,29.065,29.073,8.117,10.787,8.501,8.117
596,733,293200,29.32,32.866,32.866,32.866,32.866,5.439,7.997,7.004,7.014,29.073,29.073,29.073,29.073,6.051,6.051,6.051,6.051
597,84,33600,3.36,32.866,32.866,32.866,32.866,6.314,7.993,7.401,7.443,29.073,29.073,29.073,29.073,8.117,8.117,8.117,8.117
598,135,54000,5.4,32.86,32.86,32.86,32.86,6.409,7.987,7.326,7.4,29.149,29.149,29.149,29.149,4.3,4.3,4.3,4.3
599,63,25200,2.52,32.866,32.866,32.866,32.866,6.361,7.997,7.568,7.703,29.073,29.073,29.073,29.073,8.117,8.117,8.117,8.117
600,88,35200,3.52,32.866,32.866,32.866,32.866,6.127,7.987,7.051,7.081,29.073,29.073,29.073,29.073,6.051,6.051,6.051,6.051
601,113,45200,4.52,32.866,32.866,32.866,32.866,6.859,7.968,7.449,7.447,29.073,29.073,29.073,29.073,8.117,8.117,8.117,8.117
602,50,20000,2.0,32.866,32.866,32.866,32.866,7.167,7.984,7.751,7.778,29.073,29.073,29.073,29.073,6.051,6.051,6.051,6.051
603,110,44000,4.4,32.86,32.86,32.86,32.86,6.275,7.978,7.175,7.13,29.149,29.149,29.149,29.149,4.3,4.3,4.3,4.3
604,63,25200,2.52,32.86,32.86,32.86,32.86,6.152,7.992,7.213,7.242,29.149,29.149,29.149,29.149,4.3,4.3,4.3,4.3
605,225,90000,9.0,32.866,32.866,32.866,32.866,6.381,7.989,7.244,7.258,29.073,29.073,29.073,29.073,6.051,6.051,6.051,6.051
606,51,20400,2.04,32.866,32.866,32.866,32.866,5.741,7.999,7.15,7.241,29.073,29.073,29.073,29.073,8.117,8.117,8.117,8.117
607,74,29600,2.96,32.86,32.86,32.86,32.86,6.142,7.998,7.226,7.228,29.149,29.149,29.149,29.149,4.3,4.3,4.3,4.3
608,52,20800,2.08,32.866,32.866,32.866,32.866,6.778,7.999,7.695,7.767,29.073,29.073,29.073,29.073,6.051,6.051,6.051,6.051
609,322,128800,12.88,32.866,32.866,32.866,32.866,5.512,7.994,6.963,7.047,29.073,29.073,29.073,29.073,8.117,8.117,8.117,8.117
610,50,20000,2.0,32.866,32.866,32.866,32.866,6.615,7.993,7.568,7.602,29.073,29.073,29.073,29.073,6.051,6.051,6.051,6.051
611,87,34800,3.48,32.866,32.866,32.866,32.866,6.641,7.999,7.592,7.59,29.073,29.073,29.073,29.073,6.051,6.051,6.051,6.051
612,96,38400,3.84,32.86,32.86,32.86,32.86,6.224,7.999,7.373,7.399,29.149,29.149,29.149,29.149,4.3,4.3,4.3,4.3
613,215,86000,8.6,32.866,32.866,32.866,32.866,6.236,7.997,7.549,7.646,29.073,29.073,29.073,29.073,6.051,6.051,6.051,6.051
614,508,203200,20.32,32.866,32.866,32.866,32.866,6.2,7.997,7.425,7.48,29.073,29.073,29.073,29.073,8.117,8.117,8.117,8.117
615,79,31600,3.16,32.866,32.866,32.866,32.866,5.575,7.988,7.05,7.018,29.073,29.073,29.073,29.073,8.117,8.117,8.117,8.117
616,71,28400,2.84,32.86,32.86,32.86,32.86,6.498,7.971,7.334,7.361,29.149,29.149,29.149,29.149,4.3,4.3,4.3,4.3
617,91,36400,3.64,32.86,32.86,32.86,32.86,6.55,7.985,7.407,7.441,29.149,29.149,29.149,29.149,4.3,4.3,4.3,4.3
618,155,62000,6.2,32.866,32.866,32.866,32.866,6.156,7.948,7.229,7.268,29.073,29.073,29.073,29.073,8.117,8.117,8.117,8.117
619,86,34400,3.44,32.86,32.86,32.86,32.86,6.37,7.995,7.352,7.446,29.149,29.149,29.149,29.149,4.3,4.3,4.3,4.3
620,3613,1445200,144.52,32.866,32.866,32.866,32.866,5.763,8.0,7.248,7.302,29.073,29.073,29.073,29.073,8.117,8.117,8.117,8.117
621,330,132000,13.2,32.866,32.866,32.866,32.866,6.004,7.996,7.346,7.389,29.073,29.073,29.073,29.073,8.117,8.117,8.117,8.117
622,179,71600,7.16,32.866,32.866,32.866,32.866,6.204,7.999,7.184,7.191,29.073,29.073,29.073,29.073,8.117,8.117,8.117,8.117
623,152,60800,6.08,32.866,32.866,32.866,32.866,5.639,7.985,7.184,7.166,29.073,29.073,29.073,29.073,8.117,8.117,8.117,8.117
624,61,24400,2.44,32.86,32.86,32.86,32.86,6.369,7.999,7.52,7.658,29.149,29.149,29.149,29.149,4.3,4.3,4.3,4.3
625,124,49600,4.96,32.86,32.86,32.86,32.86,6.187,7.997,7.343,7.432,29.149,29.149,29.149,29.149,4.3,4.3,4.3,4.3
626,159,63600,6.36,32.866,32.866,32.866,32.866,6.113,7.991,7.229,7.314,29.073,29.073,29.073,29.073,8.117,8.117,8.117,8.117
627,78,31200,3.12,32.866,32.866,32.866,32.866,6.765,7.995,7.565,7.606,29.073,29.073,29.073,29.073,8.117,8.117,8.117,8.117
628,59,23600,2.36,32.866,32.866,32.866,32.866,6.31,7.988,7.252,7.18,29.073,29.073,29.073,29.073,8.117,8.117,8.117,8.117
629,127,50800,5.08,32.866,32.866,32.866,32.866,6.267,7.992,7.075,7.01,29.073,29.073,29.073,29.073,8.117,8.117,8.117,8.117
630,51,20400,2.04,32.866,32.866,32.866,32.866,6.185,7.991,7.336,7.527,29.073,29.073,29.073,29.073,8.117,8.117,8.117,8.117
631,187,74800,7.48,32.866,32.866,32.866,32.866,6.405,7.97,7.475,7.476,29.073,29.073,29.073,29.073,8.117,8.117,8.117,8.117
632,59,23600,2.36,32.866,32.866,32.866,32.866,6.484,7.924,7.168,7.037,29.073,29.073,29.073,29.073,6.051,6.051,6.051,6.051
633,62,24800,2.48,32.866,32.866,32.866,32.866,6.639,7.995,7.316,7.383,29.073,29.073,29.073,29.073,6.051,6.051,6.051,6.051
634,313,125200,12.52,32.866,32.866,32.866,32.866,6.383,8.0,7.379,7.45,29.073,29.073,29.073,29.073,4.196,6.051,5.618,6.051
635,172,68800,6.88,32.86,32.86,32.86,32.86,6.366,7.993,7.169,7.172,29.149,29.149,29.149,29.149,3.317,4.3,4.215,4.3
636,1039,415600,41.56,32.866,32.866,32.866,32.866,6.36,7.999,7.289,7.266,29.073,29.073,29.073,29.073,4.196,8.117,6.171,5.612
637,303,121200,12.12,32.866,32.866,32.866,32.866,6.448,7.993,7.197,7.137,29.073,29.073,29.073,29.073,4.196,6.051,5.059,4.196
638,131,52400,5.24,32.866,32.866,32.866,32.866,6.641,7.995,7.582,7.619,29.073,29.073,29.073,29.073,4.196,6.051,4.592,4.196
639,120,48000,4.8,32.866,32.866,32.866,32.866,6.763,7.999,7.426,7.415,29.073,29.073,29.073,29.073,4.196,6.051,4.845,4.196
640,287,114800,11.48,32.866,32.866,32.866,32.866,6.272,8.0,7.266,7.237,29.073,29.073,29.073,29.073,4.196,4.196,4.196,4.196
641,101,40400,4.04,32.866,32.866,32.866,32.866,6.429,7.982,7.135,7.094,29.073,29.073,29.073,29.073,4.196,5.612,4.799,4.196
642,3761,1504400,150.44,32.866,32.866,32.866,32.866,5.512,8.0,7.284,7.306,29.073,29.073,29.073,29.073,4.196,4.196,4.196,4.196
643,225,90000,9.0,32.866,32.866,32.866,32.866,6.472,7.996,7.497,7.542,29.073,29.073,29.073,29.073,5.612,5.612,5.612,5.612
644,155,62000,6.2,32.866,32.866,32.866,32.866,6.23,7.987,7.252,7.275,29.073,29.073,29.073,29.073,4.196,5.612,4.342,4.196
645,2434,973600,97.36,32.866,32.866,32.866,32.866,6.23,8.0,7.203,7.174,29.073,29.073,29.073,29.073,5.612,5.612,5.612,5.612
646,180,72000,7.2,32.866,32.866,32.866,32.866,6.44,7.994,7.244,7.219,29.073,29.073,29.073,29.073,5.612,5.612,5.612,5.612
647,87,34800,3.48,32.866,32.866,32.866,32.866,6.172,7.989,7.317,7.285,29.073,29.073,29.073,29.073,4.196,4.196,4.196,4.196
648,337,134800,13.48,32.866,32.866,32.866,32.866,5.94,7.998,7.306,7.352,29.073,29.073,29.073,29.073,8.214,8.214,8.214,8.214
649,84,33600,3.36,32.866,32.866,32.866,32.866,6.775,7.986,7.514,7.55,29.073,29.073,29.073,29.073,4.196,4.196,4.196,4.196
650,57,22800,2.28,32.866,32.866,32.866,32.866,6.853,7.991,7.527,7.528,29.073,29.073,29.073,29.073,5.612,5.612,5.612,5.612
651,148,59200,5.92,32.866,32.866,32.866,32.866,6.477,7.997,7.549,7.579,29.073,29.073,29.073,29.073,8.214,8.214,8.214,8.214
652,57,22800,2.28,32.866,32.866,32.866,32.866,6.487,7.991,7.31,7.348,29.073,29.073,29.073,29.073,8.214,8.214,8.214,8.214
653,95,38000,3.8,32.866,32.866,32.866,32.866,6.68,7.964,7.455,7.492,29.073,29.073,29.073,29.073,5.612,5.612,5.612,5.612
654,52,20800,2.08,32.866,32.866,32.866,32.866,6.365,7.985,7.352,7.436,29.073,29.073,29.073,29.073,8.214,8.214,8.214,8.214
655,59,23600,2.36,32.866,32.866,32.866,32.866,6.017,7.997,7.578,7.684,29.073,29.073,29.073,29.073,5.612,5.612,5.612,5.612
656,70,28000,2.8,32.866,32.866,32.866,32.866,6.533,7.994,7.325,7.352,29.073,29.073,29.073,29.073,5.612,5.612,5.612,5.612
657,67,26800,2.68,32.866,32.866,32.866,32.866,6.43,7.985,7.295,7.263,29.073,29.073,29.073,29.073,8.214,8.214,8.214,8.214
658,92,36800,3.68,32.866,32.866,32.866,32.866,6.547,7.985,7.367,7.429,29.073,29.073,29.073,29.073,8.214,8.214,8.214,8.214
659,99,39600,3.96,32.866,32.866,32.866,32.866,6.655,7.99,7.504,7.574,29.073,29.073,29.073,29.073,5.612,5.612,5.612,5.612
660,644,257600,25.76,32.866,32.866,32.866,32.866,6.094,7.997,7.321,7.417,29.073,29.073,29.073,29.073,8.214,8.214,8.214,8.214
661,1573,629200,62.92,32.866,32.874,32.868,32.866,5.423,7.998,7.105,7.142,28.936,29.073,29.048,29.073,8.214,13.455,9.17,8.214
662,1371,548400,54.84,32.866,32.866,32.866,32.866,6.094,7.996,7.192,7.17,29.073,29.073,29.073,29.073,5.612,5.612,5.612,5.612
663,63,25200,2.52,32.874,32.874,32.874,32.874,6.508,7.993,7.178,7.188,28.936,28.936,28.936,28.936,13.455,13.455,13.455,13.455
664,75,30000,3.0,32.874,32.874,32.874,32.874,5.786,7.986,7.478,7.588,28.936,28.936,28.936,28.936,13.455,13.455,13.455,13.455
665,104,41600,4.16,32.866,32.866,32.866,32.866,6.324,7.981,7.263,7.257,29.073,29.073,29.073,29.073,4.196,4.196,4.196,4.196
666,86,34400,3.44,32.866,32.866,32.866,32.866,6.178,7.998,7.123,7.136,29.073,29.073,29.073,29.073,8.214,8.214,8.214,8.214
667,54209,21683600,2168.36,32.874,32.874,32.874,32.874,4.159,8.0,6.81,6.875,28.936,28.936,28.936,28.936,7.981,13.455,11.394,12.332
668,899,359600,35.96,32.866,32.866,32.866,32.866,6.017,7.999,7.293,7.327,29.073,29.073,29.073,29.073,4.196,4.196,4.196,4.196
669,110,44000,4.4,32.866,32.866,32.866,32.866,6.401,7.982,7.304,7.377,29.073,29.073,29.073,29.073,8.214,8.214,8.214,8.214
670,73,29200,2.92,32.866,32.866,32.866,32.866,6.328,7.997,7.545,7.618,29.073,29.073,29.073,29.073,8.214,8.214,8.214,8.214
671,55,22000,2.2,32.874,32.874,32.874,32.874,5.403,8.0,6.818,6.632,28.936,28.936,28.936,28.936,13.455,13.455,13.455,13.455
672,118,47200,4.72,32.866,32.866,32.866,32.866,6.177,7.971,7.21,7.201,29.073,29.073,29.073,29.073,4.196,4.196,4.196,4.196
673,77,30800,3.08,32.866,32.866,32.866,32.866,6.591,7.978,7.299,7.288,29.073,29.073,29.073,29.073,4.196,4.196,4.196,4.196
674,217,86800,8.68,32.866,32.866,32.866,32.866,6.041,7.996,7.227,7.225,29.073,29.073,29.073,29.073,8.214,8.214,8.214,8.214
675,64,25600,2.56,32.866,32.866,32.866,32.866,6.288,7.992,7.443,7.494,29.073,29.073,29.073,29.073,4.196,4.196,4.196,4.196
676,135,54000,5.4,32.866,32.866,32.866,32.866,6.745,7.999,7.623,7.654,29.073,29.073,29.073,29.073,8.214,8.214,8.214,8.214
677,343,137200,13.72,32.866,32.866,32.866,32.866,6.436,7.989,7.409,7.461,29.073,29.073,29.073,29.073,8.214,8.214,8.214,8.214
678,56,22400,2.24,32.866,32.866,32.866,32.866,6.524,7.98,7.483,7.532,29.073,29.073,29.073,29.073,8.214,8.214,8.214,8.214
679,611,244400,24.44,32.866,32.866,32.866,32.866,6.335,7.998,7.275,7.239,29.073,29.073,29.073,29.073,5.612,5.612,5.612,5.612
680,57,22800,2.28,32.866,32.866,32.866,32.866,6.325,7.996,7.526,7.575,29.073,29.073,29.073,29.073,5.612,5.612,5.612,5.612
681,157,62800,6.28,32.866,32.866,32.866,32.866,6.034,7.989,7.363,7.473,29.073,29.073,29.073,29.073,8.214,8.214,8.214,8.214
682,107,42800,4.28,32.866,32.866,32.866,32.866,6.172,7.995,7.377,7.474,29.073,29.073,29.073,29.073,5.612,5.612,5.612,5.612
683,115,46000,4.6,32.874,32.874,32.874,32.874,5.999,7.997,7.272,7.26,28.936,28.936,28.936,28.936,13.455,13.455,13.455,13.455
684,58,23200,2.32,32.866,32.866,32.866,32.866,6.545,7.933,7.4,7.432,29.073,29.073,29.073,29.073,8.214,8.214,8.214,8.214
685,821,328400,32.84,32.866,32.866,32.866,32.866,6.334,8.0,7.329,7.342,29.073,29.073,29.073,29.073,5.612,5.612,5.612,5.612
686,56,22400,2.24,32.866,32.866,32.866,32.866,6.626,7.997,7.458,7.512,29.073,29.073,29.073,29.073,4.196,4.196,4.196,4.196
687,336,134400,13.44,32.866,32.866,32.866,32.866,6.414,7.997,7.24,7.246,29.073,29.073,29.073,29.073,4.196,4.196,4.196,4.196
688,60,24000,2.4,32.866,32.866,32.866,32.866,6.626,7.923,7.349,7.385,29.073,29.073,29.073,29.073,5.612,8.214,5.656,5.612
689,283,113200,11.32,32.866,32.866,32.866,32.866,6.301,7.994,7.289,7.314,29.073,29.073,29.073,29.073,4.196,5.612,4.501,4.196
690,116,46400,4.64,32.866,32.866,32.866,32.866,6.582,7.965,7.263,7.165,29.073,29.073,29.073,29.073,4.196,4.196,4.196,4.196
691,456,182400,18.24,32.866,32.866,32.866,32.866,5.813,7.996,7.445,7.496,29.073,29.073,29.073,29.073,8.214,8.214,8.214,8.214
692,50,20000,2.0,32.866,32.866,32.866,32.866,6.949,7.994,7.514,7.482,29.073,29.073,29.073,29.073,8.214,8.214,8.214,8.214
693,117,46800,4.68,32.866,32.866,32.866,32.866,6.404,7.994,7.221,7.172,29.073,29.073,29.073,29.073,5.612,8.214,6.035,5.612
694,276,110400,11.04,32.874,32.874,32.874,32.874,6.522,7.993,7.362,7.397,28.936,28.936,28.936,28.936,13.455,13.455,13.455,13.455
695,71,28400,2.84,32.866,32.866,32.866,32.866,6.546,7.993,7.468,7.465,29.073,29.073,29.073,29.073,8.214,8.214,8.214,8.214
696,64,25600,2.56,32.866,32.866,32.866,32.866,6.742,7.994,7.478,7.595,29.073,29.073,29.073,29.073,5.612,5.612,5.612,5.612
697,363,145200,14.52,32.866,32.866,32.866,32.866,6.428,7.99,7.459,7.473,29.073,29.073,29.073,29.073,5.919,8.214,7.19,8.214
698,64,25600,2.56,32.866,32.866,32.866,32.866,6.544,7.934,7.352,7.347,29.073,29.073,29.073,29.073,8.214,8.214,8.214,8.214
699,312,124800,12.48,32.874,32.874,32.874,32.874,6.419,7.989,7.348,7.356,28.936,28.936,28.936,28.936,7.981,13.455,9.192,7.981
700,174,69600,6.96,32.866,32.866,32.866,32.866,6.613,7.911,7.253,7.22,29.073,29.073,29.073,29.073,4.46,5.612,4.573,4.46
701,825,330000,33.0,32.866,32.874,32.87,32.866,6.416,7.997,7.336,7.335,28.936,29.073,29.011,29.073,5.919,8.214,6.854,5.919
702,72,28800,2.88,32.866,32.866,32.866,32.866,6.736,7.992,7.445,7.472,29.073,29.073,29.073,29.073,4.46,4.46,4.46,4.46
703,59,23600,2.36,32.866,32.866,32.866,32.866,6.333,7.977,7.163,7.169,29.073,29.073,29.073,29.073,3.478,3.478,3.478,3.478
704,74,29600,2.96,32.874,32.874,32.874,32.874,6.598,8.0,7.496,7.596,28.936,28.936,28.936,28.936,7.981,7.981,7.981,7.981
705,501,200400,20.04,32.874,32.874,32.874,32.874,6.32,7.996,7.301,7.313,28.936,28.936,28.936,28.936,7.981,7.981,7.981,7.981
706,1718,687200,68.72,32.866,32.866,32.866,32.866,6.22,7.999,7.302,7.323,29.073,29.073,29.073,29.073,5.919,5.919,5.919,5.919
707,147,58800,5.88,32.866,32.866,32.866,32.866,6.268,7.999,7.302,7.277,29.073,29.073,29.073,29.073,5.919,5.919,5.919,5.919
708,64,25600,2.56,32.874,32.874,32.874,32.874,6.754,7.981,7.509,7.635,28.936,28.936,28.936,28.936,7.981,7.981,7.981,7.981
709,299,119600,11.96,32.866,32.866,32.866,32.866,6.392,7.991,7.345,7.393,29.073,29.073,29.073,29.073,5.919,5.919,5.919,5.919
710,61,24400,2.44,32.874,32.874,32.874,32.874,6.187,7.83,7.273,7.291,28.936,28.936,28.936,28.936,7.981,7.981,7.981,7.981
711,202,80800,8.08,32.866,32.866,32.866,32.866,6.423,7.984,7.167,7.077,29.073,29.073,29.073,29.073,5.919,5.919,5.919,5.919
712,287,114800,11.48,32.874,32.874,32.874,32.874,6.22,8.0,7.445,7.491,28.936,28.936,28.936,28.936,7.981,7.981,7.981,7.981
713,88,35200,3.52,32.874,32.874,32.874,32.874,6.347,7.988,7.491,7.571,28.936,28.936,28.936,28.936,7.981,7.981,7.981,7.981
714,99,39600,3.96,32.874,32.874,32.874,32.874,6.372,7.996,7.263,7.292,28.936,28.936,28.936,28.936,7.981,7.981,7.981,7.981
715,121,48400,4.84,32.866,32.866,32.866,32.866,6.655,7.99,7.439,7.501,29.073,29.073,29.073,29.073,5.919,5.919,5.919,5.919
716,151,60400,6.04,32.866,32.866,32.866,32.866,6.588,7.972,7.417,7.42,29.073,29.073,29.073,29.073,5.919,5.919,5.919,5.919
717,58,23200,2.32,32.866,32.866,32.866,32.866,6.596,7.992,7.587,7.627,29.073,29.073,29.073,29.073,5.919,5.919,5.919,5.919
718,75,30000,3.0,32.866,32.866,32.866,32.866,6.48,7.975,7.395,7.411,29.073,29.073,29.073,29.073,4.46,4.46,4.46,4.46
719,107,42800,4.28,32.866,32.866,32.866,32.866,6.599,7.977,7.245,7.165,29.073,29.073,29.073,29.073,4.46,4.46,4.46,4.46
720,70,28000,2.8,32.874,32.874,32.874,32.874,6.413,7.991,7.157,7.087,28.936,28.936,28.936,28.936,7.981,7.981,7.981,7.981
721,50,20000,2.0,32.874,32.874,32.874,32.874,6.756,8.0,7.413,7.439,28.936,28.936,28.936,28.936,7.981,7.981,7.981,7.981
722,70,28000,2.8,32.866,32.866,32.866,32.866,6.691,7.99,7.469,7.561,29.073,29.073,29.073,29.073,4.46,4.46,4.46,4.46
723,359,143600,14.36,32.874,32.874,32.874,32.874,6.444,7.998,7.489,7.558,28.936,28.936,28.936,28.936,7.981,7.981,7.981,7.981
724,74,29600,2.96,32.866,32.866,32.866,32.866,6.621,7.963,7.518,7.616,29.073,29.073,29.073,29.073,4.46,4.46,4.46,4.46
725,50,20000,2.0,32.874,32.874,32.874,32.874,6.86,7.988,7.554,7.566,28.936,28.936,28.936,28.936,7.981,7.981,7.981,7.981
726,58,23200,2.32,32.874,32.874,32.874,32.874,6.393,7.972,7.275,7.306,28.936,28.936,28.936,28.936,7.981,7.981,7.981,7.981
727,91,36400,3.64,32.874,32.874,32.874,32.874,6.789,7.994,7.392,7.382,28.936,28.936,28.936,28.936,7.981,7.981,7.981,7.981
728,73,29200,2.92,32.866,32.866,32.866,32.866,6.553,7.996,7.528,7.584,29.073,29.073,29.073,29.073,4.46,4.46,4.46,4.46
729,117,46800,4.68,32.866,32.866,32.866,32.866,6.509,7.999,7.372,7.381,29.073,29.073,29.073,29.073,4.46,4.46,4.46,4.46
730,62,24800,2.48,32.866,32.866,32.866,32.866,7.107,7.987,7.666,7.653,29.073,29.073,29.073,29.073,4.46,4.46,4.46,4.46
731,167,66800,6.68,32.874,32.874,32.874,32.874,6.611,7.995,7.434,7.457,28.936,28.936,28.936,28.936,12.332,12.332,12.332,12.332
732,82,32800,3.28,32.874,32.874,32.874,32.874,6.444,7.992,7.448,7.543,28.936,28.936,28.936,28.936,7.981,7.981,7.981,7.981
733,145,58000,5.8,32.874,32.874,32.874,32.874,6.32,7.984,7.417,7.449,28.936,28.936,28.936,28.936,12.332,12.332,12.332,12.332
734,55,22000,2.2,32.866,32.866,32.866,32.866,6.611,7.98,7.386,7.386,29.073,29.073,29.073,29.073,4.46,5.919,4.832,4.46
735,283,113200,11.32,32.874,32.876,32.874,32.874,4.817,7.994,7.266,7.368,28.936,29.015,28.939,28.936,7.503,12.332,12.11,12.332
736,221,88400,8.84,32.874,32.876,32.874,32.874,6.456,7.999,7.243,7.197,28.936,29.015,28.944,28.936,5.805,7.981,7.765,7.981
737,71,28400,2.84,32.866,32.866,32.866,32.866,6.824,7.998,7.543,7.514,29.073,29.073,29.073,29.073,4.46,4.46,4.46,4.46
738,1040,416000,41.6,32.874,32.876,32.875,32.876,6.431,7.998,7.5,7.519,28.936,29.015,28.981,29.015,7.503,12.332,9.541,7.503
739,62,24800,2.48,32.874,32.874,32.874,32.874,6.677,7.946,7.358,7.391,28.936,28.936,28.936,28.936,7.981,7.981,7.981,7.981
740,5033,2013200,201.32,32.874,32.876,32.876,32.876,5.984,7.999,7.3,7.343,28.936,29.015,29.014,29.015,7.503,12.332,7.844,7.503
741,797,318800,31.88,32.874,32.876,32.876,32.876,6.209,7.996,7.327,7.368,28.936,29.015,29.001,29.015,5.805,12.332,6.512,5.805
742,96952,38780800,3878.08,32.876,32.894,32.89,32.894,4.001,8.0,6.354,6.291,28.846,29.015,28.885,28.846,8.86,18.898,15.242,12.769
743,105,42000,4.2,32.876,32.876,32.876,32.876,6.42,7.992,7.388,7.411,29.015,29.015,29.015,29.015,7.503,10.973,10.246,10.973
744,282,112800,11.28,32.876,32.876,32.876,32.876,6.004,7.999,7.378,7.479,29.015,29.015,29.015,29.015,10.973,10.973,10.973,10.973
745,135,54000,5.4,32.876,32.876,32.876,32.876,6.62,7.996,7.41,7.374,29.015,29.015,29.015,29.015,5.805,5.805,5.805,5.805
746,146,58400,5.84,32.876,32.876,32.876,32.876,6.667,7.998,7.399,7.373,29.015,29.015,29.015,29.015,5.805,5.805,5.805,5.805
747,122,48800,4.88,32.876,32.876,32.876,32.876,6.765,7.997,7.55,7.588,29.015,29.015,29.015,29.015,7.503,7.503,7.503,7.503
748,105,42000,4.2,32.876,32.876,32.876,32.876,6.624,7.99,7.454,7.56,29.015,29.015,29.015,29.015,7.503,7.503,7.503,7.503
749,88,35200,3.52,32.876,32.876,32.876,32.876,6.851,7.979,7.546,7.586,29.015,29.015,29.015,29.015,7.503,7.503,7.503,7.503
750,56,22400,2.24,32.876,32.876,32.876,32.876,6.259,7.991,7.318,7.377,29.015,29.015,29.015,29.015,5.805,5.805,5.805,5.805
751,111,44400,4.44,32.876,32.876,32.876,32.876,6.508,7.996,7.302,7.334,29.015,29.015,29.015,29.015,7.503,7.503,7.503,7.503
752,86,34400,3.44,32.876,32.876,32.876,32.876,6.551,7.968,7.409,7.462,29.015,29.015,29.015,29.015,5.805,5.805,5.805,5.805
753,6328,2531200,253.12,32.876,32.876,32.876,32.876,5.737,8.0,7.329,7.374,29.015,29.015,29.015,29.015,5.805,7.503,7.475,7.503
754,81,32400,3.24,32.876,32.876,32.876,32.876,6.593,7.966,7.433,7.48,29.015,29.015,29.015,29.015,7.503,7.503,7.503,7.503
755,500,200000,20.0,32.876,32.876,32.876,32.876,6.324,7.997,7.256,7.296,29.015,29.015,29.015,29.015,10.973,10.973,10.973,10.973
756,59,23600,2.36,32.876,32.876,32.876,32.876,6.613,7.968,7.546,7.554,29.015,29.015,29.015,29.015,5.805,5.805,5.805,5.805
757,139,55600,5.56,32.876,32.876,32.876,32.876,6.889,7.994,7.54,7.537,29.015,29.015,29.015,29.015,5.805,5.805,5.805,5.805
758,75,30000,3.0,32.876,32.876,32.876,32.876,6.551,7.99,7.41,7.436,29.015,29.015,29.015,29.015,5.805,5.805,5.805,5.805
759,121,48400,4.84,32.876,32.876,32.876,32.876,6.879,7.999,7.581,7.637,29.015,29.015,29.015,29.015,5.805,5.805,5.805,5.805
760,112,44800,4.48,32.876,32.876,32.876,32.876,6.692,7.997,7.597,7.658,29.015,29.015,29.015,29.015,10.973,10.973,10.973,10.973
761,345,138000,13.8,32.876,32.876,32.876,32.876,5.961,7.992,7.272,7.355,29.015,29.015,29.015,29.015,7.503,10.973,9.726,10.973
762,564,225600,22.56,32.876,32.876,32.876,32.876,6.274,7.999,7.369,7.419,29.015,29.015,29.015,29.015,7.503,7.503,7.503,7.503
763,193,77200,7.72,32.876,32.876,32.876,32.876,6.857,7.996,7.717,7.776,29.015,29.015,29.015,29.015,10.973,10.973,10.973,10.973
764,749,299600,29.96,32.876,32.876,32.876,32.876,6.098,7.999,7.354,7.366,29.015,29.015,29.015,29.015,7.503,10.973,9.768,10.973
765,349,139600,13.96,32.876,32.876,32.876,32.876,6.467,8.0,7.696,7.747,29.015,29.015,29.015,29.015,10.973,10.973,10.973,10.973
766,59,23600,2.36,32.876,32.876,32.876,32.876,6.011,7.99,7.16,7.179,29.015,29.015,29.015,29.015,7.503,7.503,7.503,7.503
767,79,31600,3.16,32.876,32.876,32.876,32.876,6.322,7.979,7.443,7.515,29.015,29.015,29.015,29.015,5.805,5.805,5.805,5.805
768,226,90400,9.04,32.876,32.876,32.876,32.876,6.677,7.995,7.595,7.64,29.015,29.015,29.015,29.015,7.503,7.503,7.503,7.503
769,95,38000,3.8,32.868,32.868,32.868,32.868,6.653,7.979,7.376,7.371,29.115,29.115,29.115,29.115,4.406,4.406,4.406,4.406
770,106,42400,4.24,32.876,32.876,32.876,32.876,6.294,7.958,7.205,7.181,29.015,29.015,29.015,29.015,7.503,7.503,7.503,7.503
771,50,20000,2.0,32.876,32.876,32.876,32.876,6.684,7.997,7.647,7.731,29.015,29.015,29.015,29.015,7.503,10.973,10.487,10.973
772,71,28400,2.84,32.876,32.876,32.876,32.876,6.862,7.998,7.673,7.722,29.015,29.015,29.015,29.015,10.973,10.973,10.973,10.973
773,59,23600,2.36,32.876,32.876,32.876,32.876,7.127,7.999,7.685,7.712,29.015,29.015,29.015,29.015,10.973,10.973,10.973,10.973
774,62,24800,2.48,32.876,32.876,32.876,32.876,6.168,7.996,7.204,7.226,29.015,29.015,29.015,29.015,6.863,7.503,7.4,7.503
775,112,44800,4.48,32.876,32.876,32.876,32.876,6.669,7.99,7.552,7.594,29.015,29.015,29.015,29.015,6.863,7.503,7.143,6.863
776,66,26400,2.64,32.876,32.876,32.876,32.876,6.764,7.988,7.481,7.44,29.015,29.015,29.015,29.015,6.863,7.503,7.319,7.503
777,50,20000,2.0,32.876,32.876,32.876,32.876,6.605,7.988,7.487,7.534,29.015,29.015,29.015,29.015,6.863,7.503,7.119,6.863
778,241,96400,9.64,32.876,32.876,32.876,32.876,6.207,7.998,7.586,7.66,29.015,29.015,29.015,29.015,8.86,8.86,8.86,8.86
779,75,30000,3.0,32.876,32.876,32.876,32.876,6.659,7.995,7.555,7.619,29.015,29.015,29.015,29.015,8.86,8.86,8.86,8.86
780,73,29200,2.92,32.876,32.876,32.876,32.876,6.927,7.995,7.508,7.547,29.015,29.015,29.015,29.015,6.863,6.863,6.863,6.863
781,63,25200,2.52,32.876,32.876,32.876,32.876,6.476,7.963,7.461,7.489,29.015,29.015,29.015,29.015,5.346,5.346,5.346,5.346
782,61,24400,2.44,32.876,32.876,32.876,32.876,6.902,7.998,7.674,7.764,29.015,29.015,29.015,29.015,8.86,8.86,8.86,8.86
783,79,31600,3.16,32.876,32.876,32.876,32.876,6.758,7.999,7.679,7.733,29.015,29.015,29.015,29.015,8.86,8.86,8.86,8.86
784,70,28000,2.8,32.876,32.876,32.876,32.876,6.414,7.989,7.553,7.681,29.015,29.015,29.015,29.015,8.86,8.86,8.86,8.86
785,103,41200,4.12,32.876,32.876,32.876,32.876,6.545,7.994,7.645,7.724,29.015,29.015,29.015,29.015,8.86,8.86,8.86,8.86
786,249,99600,9.96,32.876,32.876,32.876,32.876,6.253,7.994,7.241,7.338,29.015,29.015,29.015,29.015,5.346,5.346,5.346,5.346
787,87,34800,3.48,32.894,32.894,32.894,32.894,6.776,7.977,7.485,7.446,28.846,28.846,28.846,28.846,12.769,12.769,12.769,12.769
788,75,30000,3.0,32.876,32.876,32.876,32.876,6.697,7.967,7.529,7.566,29.015,29.015,29.015,29.015,5.346,6.863,6.681,6.863
789,54,21600,2.16,32.868,32.876,32.873,32.876,5.919,7.967,7.316,7.388,29.015,29.115,29.056,29.015,3.887,5.346,4.751,5.346
790,50,20000,2.0,32.868,32.868,32.868,32.868,6.789,7.999,7.628,7.699,29.115,29.115,29.115,29.115,3.887,3.887,3.887,3.887
791,67,26800,2.68,32.876,32.876,32.876,32.876,6.757,7.962,7.446,7.42,29.015,29.015,29.015,29.015,5.346,5.346,5.346,5.346
792,96,38400,3.84,32.876,32.876,32.876,32.876,6.481,7.953,7.238,7.194,29.015,29.015,29.015,29.015,6.863,6.863,6.863,6.863
793,54,21600,2.16,32.876,32.876,32.876,32.876,6.771,7.999,7.72,7.809,29.015,29.015,29.015,29.015,8.86,8.86,8.86,8.86
794,176,70400,7.04,32.876,32.876,32.876,32.876,6.159,7.998,7.324,7.399,29.015,29.015,29.015,29.015,5.346,6.863,6.492,6.863
795,146,58400,5.84,32.876,32.876,32.876,32.876,6.317,7.948,7.247,7.322,29.015,29.015,29.015,29.015,6.863,6.863,6.863,6.863
796,244,97600,9.76,32.876,32.876,32.876,32.876,6.374,7.987,7.187,7.167,29.015,29.015,29.015,29.015,6.863,6.863,6.863,6.863
797,69,27600,2.76,32.876,32.876,32.876,32.876,6.425,7.997,7.271,7.268,29.015,29.015,29.015,29.015,6.863,6.863,6.863,6.863
798,110,44000,4.4,32.876,32.876,32.876,32.876,5.633,7.988,7.336,7.377,29.015,29.015,29.015,29.015,5.346,5.346,5.346,5.346
799,62,24800,2.48,32.876,32.876,32.876,32.876,6.575,7.995,7.591,7.595,29.015,29.015,29.015,29.015,8.86,8.86,8.86,8.86
800,85,34000,3.4,32.876,32.876,32.876,32.876,6.767,7.993,7.589,7.622,29.015,29.015,29.015,29.015,5.346,5.346,5.346,5.346
801,77,30800,3.08,32.876,32.876,32.876,32.876,6.123,7.993,7.165,7.224,29.015,29.015,29.015,29.015,6.863,6.863,6.863,6.863
802,60,24000,2.4,32.876,32.876,32.876,32.876,6.908,7.968,7.487,7.498,29.015,29.015,29.015,29.015,5.346,5.346,5.346,5.346
